,Symbol,Series,Date,Prev Close,Open Price,High Price,Low Price,Last Price,Close Price,Average Price,Total Traded Quantity,Turnover,No. of Trades,Deliverable Qty,% Dly Qt to Traded Qty,Month,Year,Numerator,Day_Perc_Change,Trend
0,RELINFRA,EQ,2017-05-15,609.5,606.8,609.35,600.3,604.95,605.4,605.23,1437325,869916495.8,25522,272876,18.98,5,2017,869912209.75,0.0,Slight or No change
1,RELINFRA,EQ,2017-05-16,605.4,606.0,614.2,601.0,609.8,611.05,609.49,1934562,1179087311.0,30765,400984,20.73,5,2017,1179096193.38,0.009332672613148185,Slight positive
2,RELINFRA,EQ,2017-05-17,611.05,607.0,614.2,603.5,605.05,605.25,608.28,1504208,914978534.2,35758,256693,17.06,5,2017,914979642.24,-0.009491858276736709,Slight negative
3,RELINFRA,EQ,2017-05-18,605.25,597.7,601.85,576.15,576.45,578.65,588.48,1963168,1155279223.0,37708,390203,19.88,5,2017,1155285104.64,-0.043948781495249944,Among top losers
4,RELINFRA,EQ,2017-05-19,578.65,578.7,586.35,567.4,571.0,569.55,575.27,1795870,1033103491.0,35619,306193,17.05,5,2017,1033110134.9,-0.01572625939687211,Negative
5,RELINFRA,EQ,2017-05-22,569.55,572.0,575.0,552.75,556.0,555.25,562.68,1392634,783601775.6,29319,185983,13.35,5,2017,783607299.1199999,-0.025107541041172743,Negative
6,RELINFRA,EQ,2017-05-23,555.25,550.1,553.5,522.4,522.4,526.25,532.82,3179920,1694311107.0,56756,600676,18.89,5,2017,1694324974.4,-0.05222872579918958,Among top losers
7,RELINFRA,EQ,2017-05-24,526.25,526.0,529.7,479.2,492.0,493.7,503.49,4611031,2321605544.0,74734,520320,11.28,5,2017,2321607998.19,-0.061852731591448995,Among top losers
8,RELINFRA,EQ,2017-05-25,493.7,495.75,502.85,488.55,495.85,497.15,496.53,2976503,1477937174.0,40255,685204,23.02,5,2017,1477923034.59,0.00698804942272635,Slight positive
9,RELINFRA,EQ,2017-05-26,497.15,496.15,513.95,496.05,508.2,508.5,508.09,2344838,1191395623.0,33768,547816,23.36,5,2017,1191388739.4199998,0.022830131750980698,Positive
10,RELINFRA,EQ,2017-05-29,508.5,506.0,506.0,445.6,454.3,451.95,466.94,5113595,2387719101.0,88914,861145,16.84,5,2017,2387742049.3,-0.11120943952802365,Bear drop
11,RELINFRA,EQ,2017-05-30,451.95,453.95,470.8,436.2,463.1,462.0,459.37,4198597,1928711217.0,65104,312264,7.44,5,2017,1928709503.89,0.022236973116495307,Positive
12,RELINFRA,EQ,2017-05-31,462.0,464.0,484.0,455.25,480.8,478.9,470.56,5799887,2729195043.0,80462,1294401,22.32,5,2017,2729194826.72,0.03658008658008649,Among top gainers
13,RELINFRA,EQ,2017-06-01,478.9,481.0,487.9,475.2,477.85,479.6,481.61,2584206,1244574504.0,38796,227711,8.81,6,2017,1244579451.66,0.001461683023595839,Slight or No change
14,RELINFRA,EQ,2017-06-02,479.6,482.1,490.7,478.65,485.15,484.05,484.88,2517358,1220604072.0,41140,511152,20.31,6,2017,1220616547.04,0.009278565471225964,Slight positive
15,RELINFRA,EQ,2017-06-05,484.05,491.3,498.5,489.25,491.5,492.3,493.68,2178491,1075478230.0,42944,392749,18.03,6,2017,1075477436.88,0.017043693833281637,Positive
16,RELINFRA,EQ,2017-06-06,492.3,496.45,496.85,470.9,480.7,480.15,480.85,2543392,1222999514.0,42291,475996,18.72,6,2017,1222990043.2,-0.02468007312614262,Negative
17,RELINFRA,EQ,2017-06-07,480.15,479.25,491.5,476.05,488.0,488.6,484.27,2814064,1362780526.0,43628,198945,7.07,6,2017,1362766773.28,0.017598667083203345,Positive
18,RELINFRA,EQ,2017-06-08,488.6,489.9,491.9,478.2,478.65,480.95,484.24,1959745,948989990.4,52147,517020,26.38,6,2017,948986918.8000001,-0.01565697912402786,Negative
19,RELINFRA,EQ,2017-06-09,480.95,478.9,478.9,466.6,473.6,473.95,471.82,2465174,1163116402.0,38166,579770,23.52,6,2017,1163118396.68,-0.01455452749766084,Negative
20,RELINFRA,EQ,2017-06-12,473.95,467.9,477.9,467.0,471.0,471.85,472.94,1476969,698516764.2,26489,177803,12.04,6,2017,698517718.86,-0.004430847135773797,Slight or No change
21,RELINFRA,EQ,2017-06-13,471.85,470.1,479.5,465.5,467.0,470.2,473.54,1878876,889718325.1,31616,279165,14.86,6,2017,889722941.0400001,-0.00349687400656995,Slight or No change
22,RELINFRA,EQ,2017-06-14,470.2,469.8,476.55,462.75,474.6,473.95,469.76,2245218,1054717443.0,33547,191090,8.51,6,2017,1054713607.68,0.007975329646958684,Slight positive
23,RELINFRA,EQ,2017-06-15,473.95,472.9,479.4,470.75,474.0,475.85,475.65,1527861,726721640.7,22896,206956,13.55,6,2017,726727084.65,0.004008861694271726,Slight or No change
24,RELINFRA,EQ,2017-06-16,475.85,477.0,485.6,475.0,478.0,479.55,480.61,1904792,915467315.4,29501,273514,14.36,6,2017,915462083.12,0.0077755595250603715,Slight positive
25,RELINFRA,EQ,2017-06-19,479.55,481.1,486.5,480.5,486.0,484.65,484.16,1275237,617424186.9,19766,157651,12.36,6,2017,617418745.9200001,0.010634970284641776,Positive
26,RELINFRA,EQ,2017-06-20,484.65,487.0,489.5,478.0,480.4,479.95,482.88,1194474,576784920.2,18323,188356,15.77,6,2017,576787605.12,-0.00969772000412672,Slight negative
27,RELINFRA,EQ,2017-06-21,479.95,477.7,493.8,477.5,490.25,490.2,488.29,2101331,1026060364.0,31922,480858,22.88,6,2017,1026058913.99,0.021356391290759502,Positive
28,RELINFRA,EQ,2017-06-22,490.2,492.9,506.0,490.5,494.0,493.6,498.75,2813820,1403399343.0,46298,244837,8.7,6,2017,1403392725.0,0.006935944512443948,Slight positive
29,RELINFRA,EQ,2017-06-23,493.6,494.0,509.45,486.25,503.5,503.85,500.41,3163984,1583279342.0,46374,259203,8.19,6,2017,1583289233.44,0.020765802269043787,Positive
30,RELINFRA,EQ,2017-06-27,503.85,505.1,508.9,491.1,503.3,503.55,502.17,2320156,1165101443.0,41476,163540,7.05,6,2017,1165112738.52,-0.0005954153021733299,Slight or No change
31,RELINFRA,EQ,2017-06-28,503.55,503.1,508.0,498.1,503.2,503.8,503.73,1314849,662330332.1,28145,108148,8.23,6,2017,662328886.77,0.0004964750273062091,Slight or No change
32,RELINFRA,EQ,2017-06-29,503.8,505.0,507.95,499.1,503.05,503.5,503.85,1239125,624332928.9,19923,134736,10.87,6,2017,624333131.25,-0.0005954743946010588,Slight or No change
33,RELINFRA,EQ,2017-06-30,503.5,501.2,501.95,491.7,498.5,497.45,496.06,1182964,586825277.9,20230,166669,14.09,6,2017,586821121.84,-0.012015888778550199,Negative
34,RELINFRA,EQ,2017-07-03,497.45,499.5,511.8,496.35,507.75,508.4,506.38,1477819,748337989.5,22056,143815,9.73,7,2017,748337985.22,0.022012262538948724,Positive
35,RELINFRA,EQ,2017-07-04,508.4,510.1,510.5,496.6,500.0,500.15,502.33,1078951,541994239.4,19497,107507,9.96,7,2017,541989455.8299999,-0.01622738001573565,Negative
36,RELINFRA,EQ,2017-07-05,500.15,502.75,509.0,499.0,508.8,507.4,505.36,1067780,539609320.5,18276,111506,10.44,7,2017,539613300.8000001,0.014495651304608614,Positive
37,RELINFRA,EQ,2017-07-06,507.4,508.95,516.5,505.75,508.3,508.5,511.02,1425362,728384146.5,25141,140759,9.88,7,2017,728388489.24,0.002167914860071063,Slight or No change
38,RELINFRA,EQ,2017-07-07,508.5,508.5,519.45,506.25,515.45,514.85,513.56,1793408,921019905.6,39215,428396,23.89,7,2017,921022612.4799999,0.01248770894788609,Positive
39,RELINFRA,EQ,2017-07-10,514.85,535.0,535.0,473.0,516.15,516.4,519.03,325058,168715428.4,4420,96055,29.55,7,2017,168714853.73999998,0.0030105856074584825,Slight or No change
40,RELINFRA,EQ,2017-07-11,516.4,517.0,521.8,507.5,509.6,509.45,515.0,1089192,560929317.7,22589,180094,16.53,7,2017,560933880.0,-0.01345855925639039,Negative
41,RELINFRA,EQ,2017-07-12,509.45,509.6,515.5,508.1,513.45,513.4,511.89,1237420,633419520.9,26077,232269,18.77,7,2017,633422923.8,0.007753459613308422,Slight positive
42,RELINFRA,EQ,2017-07-13,513.4,516.0,517.2,510.6,514.55,515.4,514.13,1137068,584605901.7,26037,245917,21.63,7,2017,584600770.84,0.0038955979742889557,Slight or No change
43,RELINFRA,EQ,2017-07-14,515.4,516.0,521.65,513.05,518.8,519.4,518.55,1360641,705557123.1,30206,160601,11.8,7,2017,705560390.55,0.007760962359332657,Slight positive
44,RELINFRA,EQ,2017-07-17,519.4,520.0,521.4,513.4,515.5,516.35,516.61,874243,451642054.9,21329,71405,8.17,7,2017,451642676.23,-0.005872160184828612,Slight negative
45,RELINFRA,EQ,2017-07-18,516.35,514.0,520.9,510.8,514.0,514.35,516.45,968765,500316450.4,24516,228696,23.61,7,2017,500318684.25000006,-0.0038733417255737423,Slight or No change
46,RELINFRA,EQ,2017-07-19,514.35,515.25,517.95,510.1,517.0,516.25,514.83,860811,443170532.6,22163,158924,18.46,7,2017,443171327.13000005,0.0036939826966073674,Slight or No change
47,RELINFRA,EQ,2017-07-20,516.25,518.0,525.5,513.8,520.2,519.6,521.36,1160142,604854475.5,18903,88179,7.6,7,2017,604851633.12,0.006489104116222721,Slight positive
48,RELINFRA,EQ,2017-07-21,519.6,521.95,522.2,499.05,510.5,511.3,512.3,1124601,576129451.4,20407,119525,10.63,7,2017,576133092.3,-0.015973826020015403,Negative
49,RELINFRA,EQ,2017-07-24,511.3,511.0,515.4,505.0,506.2,506.75,510.72,746981,381495576.2,13826,150584,20.16,7,2017,381498136.32,-0.008898885194602024,Slight negative
50,RELINFRA,EQ,2017-07-25,506.75,508.5,511.0,504.45,506.8,507.45,507.18,905626,459316261.8,14610,129921,14.35,7,2017,459315394.68,0.0013813517513565632,Slight or No change
51,RELINFRA,EQ,2017-07-26,507.45,508.45,512.5,505.25,509.0,509.5,509.27,825157,420227412.6,14002,78771,9.55,7,2017,420227705.39,0.004039806877524921,Slight or No change
52,RELINFRA,EQ,2017-07-27,509.5,510.0,520.0,505.8,506.1,508.55,513.3,2356795,1209750363.0,32638,973988,41.33,7,2017,1209742873.5,-0.001864573110893053,Slight or No change
53,RELINFRA,EQ,2017-07-28,508.55,505.7,531.9,502.6,524.85,526.0,523.83,3611758,1891938325.0,49230,322693,8.93,7,2017,1891947193.14,0.034313243535542215,Among top gainers
54,RELINFRA,EQ,2017-07-31,526.0,527.0,534.4,524.9,528.1,528.65,529.63,1725572,913911376.3,22506,199792,11.58,7,2017,913914698.36,0.005038022813688148,Slight positive
55,RELINFRA,EQ,2017-08-01,528.65,531.5,532.5,523.1,526.65,526.6,526.81,1296488,683005365.6,24854,165679,12.78,8,2017,683002843.28,-0.003877801948358961,Slight or No change
56,RELINFRA,EQ,2017-08-02,526.6,528.95,538.9,527.0,530.45,532.35,533.66,1818422,970424391.6,35427,316564,17.41,8,2017,970419084.52,0.010919103684010611,Positive
57,RELINFRA,EQ,2017-08-03,532.35,532.05,544.0,523.85,524.35,526.25,533.7,2532498,1351583243.0,38923,242707,9.58,8,2017,1351594182.6000001,-0.011458626843242281,Negative
58,RELINFRA,EQ,2017-08-04,526.25,522.0,532.65,520.7,529.6,530.45,528.59,1308293,691547087.0,23631,156270,11.94,8,2017,691550596.87,0.007980997624703168,Slight positive
59,RELINFRA,EQ,2017-08-07,530.45,532.0,548.0,528.35,544.0,542.2,537.92,1504888,809512262.8,22888,206893,13.75,8,2017,809509352.9599999,0.022151003864643304,Positive
60,RELINFRA,EQ,2017-08-08,542.2,542.0,545.9,520.6,527.55,528.3,535.4,2040973,1092738366.0,30663,178311,8.74,8,2017,1092736944.2,-0.025636296569531702,Negative
61,RELINFRA,EQ,2017-08-09,528.3,528.3,540.0,507.05,507.15,514.4,528.92,2291404,1211959614.0,36667,266238,11.62,8,2017,1211969403.6799998,-0.026310808252886564,Negative
62,RELINFRA,EQ,2017-08-10,514.4,508.0,513.9,452.25,480.0,474.45,486.4,3722914,1810807921.0,54377,453008,12.17,8,2017,1810825369.6,-0.07766329704510111,Bear drop
63,RELINFRA,EQ,2017-08-11,474.45,465.65,476.45,450.6,467.0,469.2,466.59,2364344,1103169782.0,40648,364492,15.42,8,2017,1103179266.96,-0.011065444198545715,Negative
64,RELINFRA,EQ,2017-08-14,469.2,476.5,494.4,472.45,487.6,489.55,485.14,1772296,859806090.9,35929,224703,12.68,8,2017,859811681.4399999,0.04337169650468886,Among top gainers
65,RELINFRA,EQ,2017-08-16,489.55,490.4,502.6,482.2,495.5,494.35,492.4,2104952,1036478853.0,36448,337269,16.02,8,2017,1036478364.8,0.009804922888366985,Slight positive
66,RELINFRA,EQ,2017-08-17,494.35,496.6,504.8,489.0,493.1,491.4,497.12,1485534,738486203.6,31529,180932,12.18,8,2017,738488662.08,-0.005967431981389826,Slight negative
67,RELINFRA,EQ,2017-08-18,491.4,485.45,496.4,481.5,486.9,487.8,488.87,1573202,769096267.7,35871,129988,8.26,8,2017,769091261.74,-0.0073260073260073,Slight negative
68,RELINFRA,EQ,2017-08-21,487.8,490.0,494.35,465.4,468.35,468.7,481.1,1862840,896218383.6,35793,218591,11.73,8,2017,896212324.0,-0.039155391553915564,Among top losers
69,RELINFRA,EQ,2017-08-22,468.7,477.75,478.5,458.05,466.3,465.65,469.03,2491036,1168379974.0,50674,303353,12.18,8,2017,1168370615.08,-0.006507360785150462,Slight negative
70,RELINFRA,EQ,2017-08-23,465.65,471.7,476.6,468.9,474.1,474.8,473.3,1655184,783391081.8,33314,375479,22.69,8,2017,783398587.2,0.019649951680446698,Positive
71,RELINFRA,EQ,2017-08-24,474.8,475.5,485.95,472.2,480.7,479.9,480.59,1598138,768053659.0,31953,404122,25.29,8,2017,768049141.42,0.010741364785172625,Positive
72,RELINFRA,EQ,2017-08-28,479.9,482.0,492.0,481.5,483.8,483.8,486.85,1710061,832540867.4,28235,383382,22.42,8,2017,832543197.85,0.008126693061054402,Slight positive
73,RELINFRA,EQ,2017-08-29,483.8,485.95,520.8,485.6,498.2,498.2,509.28,11154685,5680826976.0,138260,556877,4.99,8,2017,5680857976.799999,0.029764365440264617,Positive
74,RELINFRA,EQ,2017-08-30,498.2,503.9,513.95,503.5,506.5,507.0,508.47,3291052,1673406458.0,47750,416527,12.66,8,2017,1673401210.44,0.01766358892011244,Positive
75,RELINFRA,EQ,2017-08-31,507.0,508.5,513.45,501.15,510.75,509.25,507.73,2549868,1294649124.0,30410,573281,22.48,8,2017,1294644479.64,0.004437869822485174,Slight or No change
76,RELINFRA,EQ,2017-09-01,509.25,511.8,531.8,511.8,521.7,522.1,522.16,3698220,1931060528.0,51473,442127,11.96,9,2017,1931062555.1999998,0.02523318605792846,Positive
77,RELINFRA,EQ,2017-09-04,522.1,522.15,526.0,498.6,510.15,507.9,511.15,2536082,1296309056.0,33515,214382,8.45,9,2017,1296318314.3,-0.02719785481708492,Negative
78,RELINFRA,EQ,2017-09-05,507.9,510.55,521.6,508.75,515.0,514.3,514.59,2128316,1095213053.0,31956,206722,9.71,9,2017,1095210130.44,0.01260090569009642,Positive
79,RELINFRA,EQ,2017-09-06,514.3,510.55,520.55,506.55,512.8,515.25,514.16,1800796,925891033.5,26561,189308,10.51,9,2017,925897271.3599999,0.001847170911919216,Slight or No change
80,RELINFRA,EQ,2017-09-07,515.25,516.0,522.4,514.1,514.75,515.5,518.11,1418710,735047928.2,19357,224292,15.81,9,2017,735047838.1,0.00048520135856389146,Slight or No change
81,RELINFRA,EQ,2017-09-08,515.5,518.0,519.5,498.0,503.25,502.2,506.25,1874520,948973001.7,25095,502132,26.79,9,2017,948975750.0,-0.02580019398642097,Negative
82,RELINFRA,EQ,2017-09-11,502.2,506.75,514.8,506.75,508.6,508.6,511.24,1299373,664293969.2,21647,131625,10.13,9,2017,664291452.52,0.012743926722421417,Positive
83,RELINFRA,EQ,2017-09-12,508.6,511.0,518.85,506.85,515.25,515.3,513.06,1455096,746556879.6,25391,182952,12.57,9,2017,746551553.7599999,0.013173417223751427,Positive
84,RELINFRA,EQ,2017-09-13,515.3,515.0,529.8,511.5,516.0,515.65,520.77,2900118,1510304820.0,41922,326750,11.27,9,2017,1510294450.86,0.0006792159906849893,Slight or No change
85,RELINFRA,EQ,2017-09-14,515.65,508.0,515.0,504.5,508.0,507.55,509.42,2121227,1080592716.0,33405,388541,18.32,9,2017,1080595458.3400002,-0.015708329293125156,Negative
86,RELINFRA,EQ,2017-09-15,507.55,507.0,509.5,496.0,498.0,499.6,502.86,1745824,877909049.5,29437,437841,25.08,9,2017,877905056.64,-0.015663481430400972,Negative
87,RELINFRA,EQ,2017-09-18,499.6,506.8,509.4,500.6,501.2,501.6,504.32,1702967,858833608.6,22240,561171,32.95,9,2017,858840317.4399999,0.004003202562049557,Slight or No change
88,RELINFRA,EQ,2017-09-19,501.6,503.2,504.15,493.65,495.8,495.7,497.67,1713229,852614546.3,24036,571661,33.37,9,2017,852622676.4300001,-0.011762360446571085,Negative
89,RELINFRA,EQ,2017-09-20,495.7,500.2,505.2,493.05,493.7,494.15,497.9,1683083,838000425.2,24578,469145,27.87,9,2017,838007025.6999999,-0.0031268912648779734,Slight or No change
90,RELINFRA,EQ,2017-09-21,494.15,493.7,496.95,481.5,488.8,488.55,488.59,1478730,722488408.2,28735,282989,19.14,9,2017,722492690.6999999,-0.011332591318425456,Negative
91,RELINFRA,EQ,2017-09-22,488.55,484.8,485.0,466.65,471.3,471.25,475.23,1885916,896247832.7,31524,358353,19.0,9,2017,896243860.6800001,-0.03541090983522677,Among top losers
92,RELINFRA,EQ,2017-09-25,471.25,470.1,471.0,455.05,464.05,463.85,462.92,1533547,709914473.5,22462,168256,10.97,9,2017,709909577.24,-0.015702917771883262,Negative
93,RELINFRA,EQ,2017-09-26,463.85,463.85,482.0,462.0,474.0,474.0,472.76,1977117,934705705.1,39738,492322,24.9,9,2017,934701832.92,0.021882073946318803,Positive
94,RELINFRA,EQ,2017-09-27,474.0,479.0,479.9,460.05,463.0,463.4,471.6,2257699,1064724976.0,28197,523263,23.18,9,2017,1064730848.4000001,-0.02236286919831232,Negative
95,RELINFRA,EQ,2017-09-28,463.4,464.4,471.9,460.65,462.4,462.6,465.31,2197103,1022341271.0,26590,933971,42.51,9,2017,1022333996.93,-0.0017263703064306357,Slight or No change
96,RELINFRA,EQ,2017-09-29,462.6,466.1,473.6,463.25,465.4,465.05,466.99,1234999,576734061.7,18516,233825,18.93,9,2017,576732183.01,0.005296152183311698,Slight positive
97,RELINFRA,EQ,2017-10-03,465.05,475.9,477.7,455.25,458.55,457.4,465.7,1894090,882087122.7,29962,350787,18.52,10,2017,882077713.0,-0.016449844102784716,Negative
98,RELINFRA,EQ,2017-10-04,457.4,459.7,467.5,456.6,465.7,463.05,462.94,1375806,636921125.7,22406,153629,11.17,10,2017,636915629.64,0.012352426759947521,Positive
99,RELINFRA,EQ,2017-10-05,463.05,465.5,473.9,463.1,472.8,471.1,469.52,1669752,783989002.3,26738,354898,21.25,10,2017,783981959.04,0.017384731670446074,Positive
100,RELINFRA,EQ,2017-10-06,471.1,473.4,478.0,467.1,471.3,471.6,473.12,1251095,591913791.4,19086,261200,20.88,10,2017,591918066.4,0.001061345786457224,Slight or No change
101,RELINFRA,EQ,2017-10-09,471.6,471.3,479.65,468.0,476.45,477.25,473.94,1851116,877322090.4,22636,416861,22.52,10,2017,877317917.04,0.011980491942323868,Positive
102,RELINFRA,EQ,2017-10-10,477.25,479.95,494.0,474.35,476.9,477.75,481.47,2964499,1427321575.0,43833,467294,15.76,10,2017,1427317333.53,0.0010476689366161196,Slight or No change
103,RELINFRA,EQ,2017-10-11,477.75,480.2,481.95,461.15,465.0,466.1,472.58,1567964,740988646.8,25464,258116,16.46,10,2017,740988427.12,-0.0243851386708529,Negative
104,RELINFRA,EQ,2017-10-12,466.1,468.8,471.35,459.1,465.5,465.4,465.33,1583460,736827934.6,19884,316444,19.98,10,2017,736831441.8,-0.0015018236429951148,Slight or No change
105,RELINFRA,EQ,2017-10-13,465.4,465.75,471.8,461.45,462.35,463.3,466.37,1666164,777049350.3,21204,287513,17.26,10,2017,777048904.6800001,-0.004512247529007252,Slight or No change
106,RELINFRA,EQ,2017-10-16,463.3,465.0,468.3,458.0,460.0,459.8,462.22,1544893,714076409.4,21056,343184,22.21,10,2017,714080442.46,-0.007554500323764257,Slight negative
107,RELINFRA,EQ,2017-10-17,459.8,461.75,467.4,459.15,462.0,461.4,462.93,1684333,779730024.4,21008,553446,32.86,10,2017,779728275.69,0.003479773814701881,Slight or No change
108,RELINFRA,EQ,2017-10-18,461.4,462.2,468.0,460.1,464.0,463.1,463.5,1959211,908097505.6,19619,794981,40.58,10,2017,908094298.5,0.003684438664932843,Slight or No change
109,RELINFRA,EQ,2017-10-19,463.1,461.0,462.65,450.05,450.75,453.8,456.42,422664,192912356.9,6674,151099,35.75,10,2017,192912302.88,-0.02008205571150945,Negative
110,RELINFRA,EQ,2017-10-23,453.8,455.0,473.7,452.25,470.0,469.3,464.08,2441051,1132837562.0,34795,631819,25.88,10,2017,1132842948.08,0.03415601586602035,Among top gainers
111,RELINFRA,EQ,2017-10-24,469.3,470.2,482.8,470.2,479.0,478.1,478.2,1979529,946613966.9,33892,367688,18.57,10,2017,946610767.8,0.018751331770722413,Positive
112,RELINFRA,EQ,2017-10-25,478.1,485.0,490.5,477.65,486.55,486.8,484.16,1892205,916131588.1,23128,420712,22.23,10,2017,916129972.8000001,0.01819702991006067,Positive
113,RELINFRA,EQ,2017-10-26,486.8,486.0,497.7,481.2,492.8,490.8,490.38,1920829,941937356.5,29050,399488,20.8,10,2017,941936125.02,0.008216926869350827,Slight positive
114,RELINFRA,EQ,2017-10-27,490.8,493.45,508.5,491.55,505.5,505.85,499.46,2581085,1289137265.0,28698,822698,31.87,10,2017,1289148714.1,0.030664221678891712,Among top gainers
115,RELINFRA,EQ,2017-10-30,505.85,509.0,510.5,501.0,502.0,502.85,504.83,1782778,900002744.0,24497,461738,25.9,10,2017,899999817.74,-0.005930611841454936,Slight negative
116,RELINFRA,EQ,2017-10-31,502.85,503.0,510.0,501.0,502.0,502.75,505.29,1181779,597138032.6,17042,246305,20.84,10,2017,597141110.91,-0.0001988664611713986,Slight or No change
117,RELINFRA,EQ,2017-11-01,502.75,504.2,512.55,494.1,495.7,498.7,504.54,1587983,801193329.5,22470,476353,30.0,11,2017,801200942.82,-0.008055693684734022,Slight negative
118,RELINFRA,EQ,2017-11-02,498.7,497.0,507.65,492.1,499.4,500.25,500.02,2282742,1141414158.0,30745,710153,31.11,11,2017,1141416654.84,0.00310808101062765,Slight or No change
119,RELINFRA,EQ,2017-11-03,500.25,500.25,504.65,488.5,490.9,490.3,495.24,1453624,719895174.9,22822,471590,32.44,11,2017,719892749.76,-0.019890054972513727,Negative
120,RELINFRA,EQ,2017-11-06,490.3,489.5,491.4,475.5,479.5,479.95,480.53,1568533,753724171.9,27942,437129,27.87,11,2017,753727162.49,-0.02110952478074657,Negative
121,RELINFRA,EQ,2017-11-07,479.95,482.95,483.75,455.1,464.0,462.45,465.78,1739875,810406349.5,33749,380258,21.86,11,2017,810398977.5,-0.03646213147202837,Among top losers
122,RELINFRA,EQ,2017-11-08,462.45,465.5,467.35,446.2,454.6,452.35,457.4,1662277,760322270.2,28391,261844,15.75,11,2017,760325499.8,-0.02184019894042588,Negative
123,RELINFRA,EQ,2017-11-09,452.35,459.9,471.65,454.4,469.0,469.8,463.16,2670797,1237007923.0,28856,648532,24.28,11,2017,1237006338.52,0.03857632364319663,Among top gainers
124,RELINFRA,EQ,2017-11-10,469.8,467.85,468.9,458.25,465.0,465.2,464.75,1116169,518738708.8,15681,134171,12.02,11,2017,518739542.75,-0.009791400595998367,Slight negative
125,RELINFRA,EQ,2017-11-13,465.2,465.0,468.6,455.1,458.3,459.3,460.17,1116007,513551097.7,17068,110422,9.89,11,2017,513552941.19,-0.01268271711091995,Negative
126,RELINFRA,EQ,2017-11-14,459.3,460.0,468.0,456.5,459.2,459.45,462.46,1270764,587671384.8,22326,140903,11.09,11,2017,587677519.4399999,0.0003265839320705233,Slight or No change
127,RELINFRA,EQ,2017-11-15,459.45,459.0,464.35,390.55,418.9,417.95,429.21,4536691,1947196350.0,59334,514071,11.33,11,2017,1947193144.11,-0.0903253890521275,Bear drop
128,RELINFRA,EQ,2017-11-16,417.95,420.0,450.55,411.2,446.0,446.0,430.39,8332604,3586286997.0,100369,1084530,13.02,11,2017,3586269435.56,0.06711329106352437,Among top gainers
129,RELINFRA,EQ,2017-11-17,446.0,452.1,452.95,434.6,437.0,438.65,443.17,3021593,1339088988.0,39338,292723,9.69,11,2017,1339079369.81,-0.016479820627802733,Negative
130,RELINFRA,EQ,2017-11-20,438.65,436.0,444.9,428.55,443.6,443.35,438.49,2606614,1142978964.0,38256,176956,6.79,11,2017,1142974172.8600001,0.0107146928074775,Positive
131,RELINFRA,EQ,2017-11-21,443.35,446.0,456.7,445.35,450.85,450.65,451.38,2173743,981176372.9,34558,243444,11.2,11,2017,981184115.34,0.016465546408029663,Positive
132,RELINFRA,EQ,2017-11-22,450.65,452.95,454.5,440.0,448.6,449.4,447.14,1470376,657458712.5,22849,140161,9.53,11,2017,657463924.64,-0.002773771219349852,Slight or No change
133,RELINFRA,EQ,2017-11-23,449.4,450.0,451.65,441.5,449.0,449.0,446.95,1272533,568754710.2,18677,95798,7.53,11,2017,568758624.35,-0.0008900756564307333,Slight or No change
134,RELINFRA,EQ,2017-11-24,449.0,448.9,454.4,446.55,450.8,451.45,450.51,1079498,486324035.3,14859,131056,12.14,11,2017,486324643.98,0.005456570155901952,Slight positive
135,RELINFRA,EQ,2017-11-27,451.45,448.0,467.95,447.8,462.3,464.95,458.3,1658559,760122091.6,22233,182644,11.01,11,2017,760117589.7,0.029903643814375824,Positive
136,RELINFRA,EQ,2017-11-28,464.95,460.0,463.95,452.4,457.25,458.3,457.87,1653195,756944137.5,23965,141234,8.54,11,2017,756948394.65,-0.01430261318421333,Negative
137,RELINFRA,EQ,2017-11-29,458.3,459.3,460.8,450.9,452.7,453.5,455.8,1024832,467114333.4,15123,169609,16.55,11,2017,467118425.6,-0.010473488981016854,Negative
138,RELINFRA,EQ,2017-11-30,453.5,451.0,458.2,436.3,438.2,439.95,449.54,2665054,1198036145.0,33957,604731,22.69,11,2017,1198048375.16,-0.029878721058434476,Negative
139,RELINFRA,EQ,2017-12-01,439.95,439.95,447.8,434.4,435.7,436.6,440.41,1915401,843563994.5,23405,137764,7.19,12,2017,843561754.4100001,-0.00761450164791444,Slight negative
140,RELINFRA,EQ,2017-12-04,436.6,439.0,443.65,433.0,442.5,439.3,438.6,1343938,589452543.6,20316,270876,20.16,12,2017,589451206.8000001,0.006184150251946852,Slight positive
141,RELINFRA,EQ,2017-12-05,439.3,437.5,446.55,430.5,442.45,443.6,438.02,2018758,884253647.6,39114,383726,19.01,12,2017,884256379.16,0.00978829956749383,Slight positive
142,RELINFRA,EQ,2017-12-06,443.6,440.5,452.7,438.3,439.85,440.35,444.21,1839911,817315244.9,31980,238007,12.94,12,2017,817306865.31,-0.007326420198376926,Slight negative
143,RELINFRA,EQ,2017-12-07,440.35,442.45,458.15,441.05,455.0,455.95,451.73,2000685,903777693.0,35596,515131,25.75,12,2017,903769435.0500001,0.03542636539116595,Among top gainers
144,RELINFRA,EQ,2017-12-08,455.95,458.0,458.0,445.65,450.2,449.8,451.41,1405888,634637391.2,24619,179384,12.76,12,2017,634631902.08,-0.013488321087838484,Negative
145,RELINFRA,EQ,2017-12-11,449.8,452.9,462.0,450.5,458.7,459.15,456.1,1353025,617114632.2,26183,288295,21.31,12,2017,617114702.5,0.02078701645175629,Positive
146,RELINFRA,EQ,2017-12-12,459.15,457.0,460.2,447.0,450.25,450.2,453.86,901588,409191489.3,20505,143756,15.94,12,2017,409194729.68,-0.01949254056408578,Negative
147,RELINFRA,EQ,2017-12-13,450.2,450.25,457.6,447.2,450.1,450.35,452.78,1178941,533800851.3,17443,259467,22.01,12,2017,533800905.97999996,0.0003331852509995681,Slight or No change
148,RELINFRA,EQ,2017-12-14,450.35,452.5,455.7,440.0,453.8,454.45,447.83,1372706,614738074.6,16357,230653,16.8,12,2017,614738927.98,0.009104030198734181,Slight positive
149,RELINFRA,EQ,2017-12-15,454.45,458.1,460.35,446.55,450.65,448.85,453.21,1611619,730406987.2,27677,224979,13.96,12,2017,730401846.99,-0.012322587743426094,Negative
150,RELINFRA,EQ,2017-12-18,448.85,446.0,451.8,425.6,443.25,444.05,445.01,1465580,652193100.5,24551,187973,12.83,12,2017,652197755.8,-0.010693995766960063,Negative
151,RELINFRA,EQ,2017-12-19,444.05,445.0,448.35,439.6,443.0,443.25,443.11,1435436,636053214.9,28009,216511,15.08,12,2017,636056045.96,-0.0018015989190406367,Slight or No change
152,RELINFRA,EQ,2017-12-20,443.25,444.0,479.85,441.0,464.05,466.2,458.91,4414386,2025799255.0,57549,574156,13.01,12,2017,2025805879.2600002,0.05177664974619289,Among top gainers
153,RELINFRA,EQ,2017-12-21,466.2,467.0,528.75,457.05,512.1,505.05,489.8,9511530,4658722635.0,112162,1364127,14.34,12,2017,4658747394.0,0.08333333333333348,Bull run
154,RELINFRA,EQ,2017-12-22,505.05,521.0,544.85,515.0,526.85,528.45,529.13,14126392,7474723324.0,152155,784068,5.55,12,2017,7474697798.96,0.04633204633204646,Among top gainers
155,RELINFRA,EQ,2017-12-26,528.45,528.45,544.8,522.0,536.45,539.85,536.34,7265462,3896761428.0,89267,579650,7.98,12,2017,3896757889.0800004,0.0215725234175419,Positive
156,RELINFRA,EQ,2017-12-27,539.85,539.85,551.9,530.1,531.8,533.75,539.91,6472478,3494541161.0,74466,406788,6.28,12,2017,3494555596.98,-0.011299435028248594,Negative
157,RELINFRA,EQ,2017-12-28,533.75,534.75,572.7,533.55,554.1,555.05,554.91,12084325,6705714834.0,122552,2328260,19.27,12,2017,6705712785.75,0.03990632318501164,Among top gainers
158,RELINFRA,EQ,2017-12-29,555.05,566.5,574.3,548.1,554.6,553.85,558.51,6581928,3676095150.0,70149,539341,8.19,12,2017,3676072607.2799997,-0.002161967390325037,Slight or No change
159,RELINFRA,EQ,2018-01-01,553.85,554.0,589.9,548.5,572.0,572.65,573.85,9340782,5360221030.0,109453,687279,7.36,1,2018,5360207750.7,0.03394420872077264,Among top gainers
160,RELINFRA,EQ,2018-01-02,572.65,577.85,578.35,555.05,563.35,563.4,565.6,5721793,3236234866.0,68578,374001,6.54,1,2018,3236246120.8,-0.01615297302016938,Negative
161,RELINFRA,EQ,2018-01-03,563.4,566.25,574.55,556.95,562.95,562.55,564.87,3690364,2084590996.0,49112,386388,10.47,1,2018,2084575912.68,-0.0015086971955982076,Slight or No change
162,RELINFRA,EQ,2018-01-04,562.55,565.4,567.9,555.6,565.2,565.55,562.6,2539276,1428587357.0,33641,273463,10.77,1,2018,1428596677.6000001,0.005332859301395487,Slight positive
163,RELINFRA,EQ,2018-01-05,565.55,568.0,582.65,560.0,578.0,578.15,573.16,4467467,2560564263.0,48868,760046,17.01,1,2018,2560573385.72,0.022279197241623194,Positive
164,RELINFRA,EQ,2018-01-08,578.15,581.05,589.7,574.25,580.3,582.5,582.65,3847016,2241469816.0,46044,335448,8.72,1,2018,2241463872.4,0.0075239989622071235,Slight positive
165,RELINFRA,EQ,2018-01-09,582.5,582.0,583.9,567.25,569.0,569.8,574.1,2370618,1360978514.0,29285,256965,10.84,1,2018,1360971793.8,-0.021802575107296218,Negative
166,RELINFRA,EQ,2018-01-10,569.8,570.0,578.55,561.0,564.85,564.3,568.94,2286377,1300816898.0,30080,216740,9.48,1,2018,1300811330.38,-0.009652509652509633,Slight negative
167,RELINFRA,EQ,2018-01-11,564.3,565.0,573.5,562.3,564.4,564.0,567.95,1867830,1060833121.0,22597,217794,11.66,1,2018,1060834048.5000001,-0.0005316321105793831,Slight or No change
168,RELINFRA,EQ,2018-01-12,564.0,568.0,574.6,538.35,556.0,555.4,558.18,2867230,1600423200.0,36905,211711,7.38,1,2018,1600430441.3999999,-0.01524822695035466,Negative
169,RELINFRA,EQ,2018-01-15,555.4,558.2,565.0,554.25,556.5,557.85,559.96,1783142,998493548.1,27312,235785,13.22,1,2018,998488194.32,0.004411235145840964,Slight or No change
170,RELINFRA,EQ,2018-01-16,557.85,559.45,560.9,531.6,537.8,536.5,543.4,2982930,1620922144.0,37398,751721,25.2,1,2018,1620924162.0,-0.0382719369006006,Among top losers
171,RELINFRA,EQ,2018-01-17,536.5,536.8,552.7,519.4,543.0,543.95,536.11,3994984,2141747358.0,47761,781304,19.56,1,2018,2141750872.24,0.013886300093196802,Positive
172,RELINFRA,EQ,2018-01-18,543.95,546.0,552.15,501.5,502.5,506.5,525.02,4259050,2236104318.0,57884,878318,20.62,1,2018,2236086431.0,-0.0688482397279162,Among top losers
173,RELINFRA,EQ,2018-01-19,506.5,506.4,521.75,499.3,515.45,517.85,509.58,3445081,1755547759.0,45309,331651,9.63,1,2018,1755544375.98,0.022408687068114608,Positive
174,RELINFRA,EQ,2018-01-22,517.85,514.0,517.0,503.5,510.5,509.6,510.33,1637010,835411550.3,22701,154600,9.44,1,2018,835415313.3,-0.015931254224196167,Negative
175,RELINFRA,EQ,2018-01-23,509.6,511.5,533.0,510.1,518.75,516.85,521.6,2592969,1352503961.0,36496,235255,9.07,1,2018,1352492630.4,0.014226844583987486,Positive
176,RELINFRA,EQ,2018-01-24,516.85,517.0,521.45,507.35,514.05,515.2,513.91,1747106,897847704.6,25199,154649,8.85,1,2018,897855244.4599999,-0.00319241559446648,Slight or No change
177,RELINFRA,EQ,2018-01-25,515.2,517.0,522.75,511.2,517.4,513.95,516.75,2084633,1077238677.0,30963,359469,17.24,1,2018,1077234102.75,-0.0024262422360248337,Slight or No change
178,RELINFRA,EQ,2018-01-29,513.95,516.25,525.45,500.75,507.5,509.7,514.4,2992572,1539381156.0,47956,252034,8.42,1,2018,1539379036.8,-0.008269286895612571,Slight negative
179,RELINFRA,EQ,2018-01-30,509.7,506.5,518.9,505.0,507.25,508.3,512.75,2052355,1052345375.0,26062,224800,10.95,1,2018,1052345026.25,-0.0027467137531881347,Slight or No change
180,RELINFRA,EQ,2018-01-31,508.3,507.25,512.75,492.05,495.95,496.35,502.0,2647818,1329197580.0,33722,328265,12.4,1,2018,1329204636.0,-0.0235097383434979,Negative
181,RELINFRA,EQ,2018-02-01,496.35,497.0,504.05,480.0,492.35,492.75,495.24,2154522,1067003804.0,34090,153833,7.14,2,2018,1067005475.28,-0.0072529465095195755,Slight negative
182,RELINFRA,EQ,2018-02-02,492.75,485.75,486.3,441.1,447.3,449.75,460.39,3175889,1462162500.0,40752,361037,11.37,2,2018,1462147536.71,-0.08726534753932014,Bear drop
183,RELINFRA,EQ,2018-02-05,449.75,428.05,454.15,428.05,452.3,446.2,442.23,3037191,1343130384.0,45148,368558,12.13,2,2018,1343136975.93,-0.007893274041133935,Slight negative
184,RELINFRA,EQ,2018-02-06,446.2,410.0,441.1,407.45,430.35,431.45,425.64,2913613,1240151470.0,37403,222548,7.64,2,2018,1240150237.32,-0.0330569251456746,Among top losers
185,RELINFRA,EQ,2018-02-07,431.45,438.1,443.3,427.55,429.0,431.1,433.74,2027289,879316642.0,25601,223771,11.04,2,2018,879316330.86,-0.0008112179858615898,Slight or No change
186,RELINFRA,EQ,2018-02-08,431.1,436.55,447.95,434.55,443.0,444.2,442.34,2852391,1261716063.0,39265,351426,12.32,2,2018,1261726634.9399998,0.030387381118069934,Among top gainers
187,RELINFRA,EQ,2018-02-09,444.2,432.0,462.0,428.15,451.0,451.5,448.27,3132223,1404071308.0,45477,316527,10.11,2,2018,1404081604.21,0.016434038721296673,Positive
188,RELINFRA,EQ,2018-02-12,451.5,465.0,472.8,455.2,458.85,461.15,463.22,3527069,1633804092.0,44691,334369,9.48,2,2018,1633808902.18,0.021373200442967866,Positive
189,RELINFRA,EQ,2018-02-14,461.15,463.8,467.95,454.1,454.45,457.25,461.61,2675349,1234980119.0,36417,309200,11.56,2,2018,1234967851.89,-0.00845711807437921,Slight negative
190,RELINFRA,EQ,2018-02-15,457.25,459.5,462.9,437.0,445.5,443.9,450.75,2275186,1025542194.0,32125,285404,12.54,2,2018,1025540089.5,-0.029196282121377815,Negative
191,RELINFRA,EQ,2018-02-16,443.9,445.5,458.4,438.1,451.6,452.3,448.8,4262795,1913162199.0,52497,847235,19.88,2,2018,1913142396.0,0.01892318089659839,Positive
192,RELINFRA,EQ,2018-02-19,452.3,451.95,458.0,433.9,444.85,443.85,446.11,3094482,1380480272.0,41186,236412,7.64,2,2018,1380479365.02,-0.018682290515144806,Negative
193,RELINFRA,EQ,2018-02-20,443.85,445.0,452.7,442.3,443.95,446.3,447.83,2160846,967695710.8,31240,164272,7.6,2,2018,967691664.18,0.005519882843302959,Slight positive
194,RELINFRA,EQ,2018-02-21,446.3,449.0,451.45,437.3,443.1,443.4,442.94,1825773,808715670.5,23998,170769,9.35,2,2018,808707892.62,-0.006497871386959564,Slight negative
195,RELINFRA,EQ,2018-02-22,443.4,442.3,448.8,438.2,439.95,439.95,443.42,2191591,971784755.9,27173,386751,17.65,2,2018,971795281.22,-0.00778078484438427,Slight negative
196,RELINFRA,EQ,2018-02-23,439.95,443.95,457.85,442.05,454.0,454.55,451.71,2192481,990355709.7,28853,296902,13.54,2,2018,990365592.51,0.033185589271508276,Among top gainers
197,RELINFRA,EQ,2018-02-26,454.55,456.85,472.4,453.65,465.7,467.65,464.63,2796585,1299380137.0,41220,259656,9.28,2,2018,1299377288.55,0.028819711802881898,Positive
198,RELINFRA,EQ,2018-02-27,467.65,469.0,469.4,455.1,458.15,457.7,459.89,1647547,757683513.3,19880,162406,9.86,2,2018,757690389.8299999,-0.021276595744680882,Negative
199,RELINFRA,EQ,2018-02-28,457.7,453.0,464.5,449.8,454.6,455.6,456.78,1982777,905699126.1,39591,396296,19.99,2,2018,905692878.06,-0.004588158182215363,Slight or No change
200,RELINFRA,EQ,2018-03-01,455.6,454.9,459.5,439.5,441.05,441.95,448.52,2242710,1005891765.0,28646,302655,13.5,3,2018,1005900289.1999999,-0.02996049165935033,Negative
201,RELINFRA,EQ,2018-03-05,441.95,442.5,445.0,430.05,433.95,434.05,436.53,2263260,987977396.3,32708,276852,12.23,3,2018,987980887.8,-0.0178753252630387,Negative
202,RELINFRA,EQ,2018-03-06,434.05,436.25,450.95,428.2,428.4,433.35,441.5,3318236,1465014989.0,42837,163846,4.94,3,2018,1465001194.0,-0.0016127174288675938,Slight or No change
203,RELINFRA,EQ,2018-03-07,433.35,432.0,436.0,406.0,410.85,409.75,421.59,3087922,1301833561.0,40383,371554,12.03,3,2018,1301837035.98,-0.054459443867543644,Among top losers
204,RELINFRA,EQ,2018-03-08,409.75,415.3,429.9,409.5,427.0,427.0,419.16,4011250,1681359878.0,44279,683371,17.04,3,2018,1681355550.0,0.042098840756558786,Among top gainers
205,RELINFRA,EQ,2018-03-09,427.0,426.6,431.75,413.2,418.3,416.8,423.89,2825255,1197595691.0,35977,322595,11.42,3,2018,1197597341.95,-0.023887587822014056,Negative
206,RELINFRA,EQ,2018-03-12,416.8,423.45,437.7,409.7,436.3,430.75,421.75,2879831,1214557872.0,35331,211754,7.35,3,2018,1214568724.25,0.03346928982725528,Among top gainers
207,RELINFRA,EQ,2018-03-13,430.75,432.5,456.05,430.7,448.35,451.65,442.5,4174719,1847293365.0,68362,669690,16.04,3,2018,1847313157.5,0.048520023215322006,Among top gainers
208,RELINFRA,EQ,2018-03-14,451.65,445.0,456.7,443.7,451.7,452.25,450.02,2557763,1151040603.0,30387,121522,4.75,3,2018,1151044505.26,0.0013284623048821498,Slight or No change
209,RELINFRA,EQ,2018-03-15,452.25,454.0,459.4,446.4,448.5,449.45,453.19,1861678,843691941.6,23296,125473,6.74,3,2018,843693852.82,-0.006191265892758424,Slight negative
210,RELINFRA,EQ,2018-03-16,449.45,448.5,453.3,426.05,428.55,428.6,438.86,2482831,1089618607.0,33029,371600,14.97,3,2018,1089615212.66,-0.04639003226165306,Among top losers
211,RELINFRA,EQ,2018-03-19,428.6,427.0,429.5,417.5,424.3,424.25,422.98,2088481,883392625.3,24044,150673,7.21,3,2018,883385693.38,-0.010149323378441544,Negative
212,RELINFRA,EQ,2018-03-20,424.25,422.0,456.8,420.1,453.05,453.05,444.54,5744461,2553621480.0,68073,616087,10.72,3,2018,2553642692.94,0.06788450206246321,Among top gainers
213,RELINFRA,EQ,2018-03-21,453.05,455.25,461.8,446.0,449.3,449.55,452.19,4200817,1899586353.0,50693,343542,8.18,3,2018,1899567439.23,-0.007725416620682046,Slight negative
214,RELINFRA,EQ,2018-03-22,449.55,450.0,454.15,428.85,430.0,430.4,440.52,3083612,1358383852.0,36810,320484,10.39,3,2018,1358392758.24,-0.042598153709264897,Among top losers
215,RELINFRA,EQ,2018-03-23,430.4,420.0,424.7,412.05,418.0,418.7,417.43,2948049,1230611530.0,33242,180299,6.12,3,2018,1230604094.07,-0.027184014869888418,Negative
216,RELINFRA,EQ,2018-03-26,418.7,417.0,429.15,416.6,424.45,424.8,423.08,2674523,1131534544.0,39425,391753,14.65,3,2018,1131537190.84,0.014568903749701434,Positive
217,RELINFRA,EQ,2018-03-27,424.8,428.6,437.55,425.5,431.6,431.6,431.76,2483569,1072313201.0,29012,166717,6.71,3,2018,1072305751.4399999,0.016007532956685555,Positive
218,RELINFRA,EQ,2018-03-28,431.6,428.35,432.9,423.15,425.0,427.5,427.72,2102662,899361009.2,23594,359928,17.12,3,2018,899350590.6400001,-0.009499536607970427,Slight negative
219,RELINFRA,EQ,2018-04-02,427.5,426.05,448.0,426.05,441.5,443.35,439.01,2246368,986167205.8,26454,163565,7.28,4,2018,986178015.68,0.03707602339181282,Among top gainers
220,RELINFRA,EQ,2018-04-03,443.35,442.25,446.7,433.1,444.5,443.25,439.47,2111678,928028297.5,22762,209449,9.92,4,2018,928019130.6600001,-0.0002255554302470486,Slight or No change
221,RELINFRA,EQ,2018-04-04,443.25,447.0,453.55,434.05,434.3,436.1,443.46,2827367,1253835056.0,31099,311367,11.01,4,2018,1253824169.82,-0.016130851663846535,Negative
222,RELINFRA,EQ,2018-04-05,436.1,444.9,456.5,443.0,451.0,452.2,450.63,2239428,1009157950.0,26081,214281,9.57,4,2018,1009153439.64,0.036918138041733384,Among top gainers
223,RELINFRA,EQ,2018-04-06,452.2,447.15,452.9,443.4,446.8,447.0,447.77,1881144,842312649.7,20954,304167,16.17,4,2018,842319848.88,-0.011499336576735963,Negative
224,RELINFRA,EQ,2018-04-09,447.0,447.0,456.0,443.75,451.55,452.2,450.25,2300974,1036015492.0,31036,181117,7.87,4,2018,1036013543.5,0.011633109619686666,Positive
225,RELINFRA,EQ,2018-04-10,452.2,456.0,466.9,454.6,462.45,462.9,462.05,3339764,1543148139.0,42253,361925,10.84,4,2018,1543137956.2,0.023662096417514267,Positive
226,RELINFRA,EQ,2018-04-11,462.9,462.0,462.5,451.0,454.85,455.05,454.97,1571300,714887865.8,20193,289888,18.45,4,2018,714894361.0,-0.016958306329660777,Negative
227,RELINFRA,EQ,2018-04-12,455.05,453.4,459.8,449.1,453.0,452.65,454.54,1761314,800585144.1,23220,380014,21.58,4,2018,800587665.5600001,-0.005274145698275001,Slight negative
228,RELINFRA,EQ,2018-04-13,452.65,454.0,463.5,452.8,460.9,461.9,459.43,2081603,956343153.9,23423,256818,12.34,4,2018,956350866.29,0.02043521484590749,Positive
229,RELINFRA,EQ,2018-04-16,461.9,454.95,459.15,450.3,456.85,456.9,455.3,1459973,664720504.7,21844,99590,6.82,4,2018,664725706.9,-0.01082485386447285,Negative
230,RELINFRA,EQ,2018-04-17,456.9,457.25,465.1,453.6,461.0,459.0,459.39,1764703,810684049.0,20621,90744,5.14,4,2018,810686911.17,0.004596191726854881,Slight or No change
231,RELINFRA,EQ,2018-04-18,459.0,461.0,465.85,456.2,460.2,460.05,461.18,1724203,795168578.5,20605,334468,19.4,4,2018,795167939.54,0.002287581699346397,Slight or No change
232,RELINFRA,EQ,2018-04-19,460.05,462.0,467.15,458.1,464.0,465.05,462.74,1582057,732077003.7,19344,201606,12.74,4,2018,732081056.1800001,0.010868383871318388,Positive
233,RELINFRA,EQ,2018-04-20,465.05,463.0,463.5,445.45,448.5,448.6,452.86,1784435,808101048.1,18333,463846,25.99,4,2018,808099234.1,-0.03537254058703365,Among top losers
234,RELINFRA,EQ,2018-04-23,448.6,448.9,454.3,447.3,449.0,449.75,450.57,1403296,632280171.9,21156,236795,16.87,4,2018,632283078.72,0.00256353098528761,Slight or No change
235,RELINFRA,EQ,2018-04-24,449.75,455.0,458.6,434.05,441.0,441.1,445.68,3301720,1471498141.0,45765,354048,10.72,4,2018,1471510569.6,-0.019232907170650293,Negative
236,RELINFRA,EQ,2018-04-25,441.1,440.0,445.0,436.3,438.8,440.55,440.53,1496954,659450393.7,23683,94230,6.29,4,2018,659453145.62,-0.0012468827930174342,Slight or No change
237,RELINFRA,EQ,2018-04-26,440.55,440.0,445.45,436.45,440.5,441.35,440.56,1274058,561298713.3,15476,182519,14.33,4,2018,561298992.48,0.001815911928271463,Slight or No change
238,RELINFRA,EQ,2018-04-27,441.35,443.05,451.3,441.5,443.85,443.7,447.05,1265156,565588590.2,19374,128796,10.18,4,2018,565587989.8000001,0.005324572334881594,Slight positive
239,RELINFRA,EQ,2018-04-30,443.7,444.7,452.75,440.1,450.75,451.2,447.61,1276828,571520652.2,17425,119972,9.4,4,2018,571520981.08,0.01690331304935766,Positive
240,RELINFRA,EQ,2018-05-02,451.2,452.8,460.5,430.5,433.0,433.3,447.14,2214492,990184561.0,31197,462997,20.91,5,2018,990187952.88,-0.03967198581560283,Among top losers
241,RELINFRA,EQ,2018-05-03,433.3,432.9,432.9,411.25,413.0,413.6,418.66,2661739,1114360550.0,39231,410317,15.42,5,2018,1114363649.74,-0.045465035771982465,Among top losers
242,RELINFRA,EQ,2018-05-04,413.6,414.2,424.7,402.65,424.5,423.35,415.59,3713088,1543135718.0,42690,810254,21.82,5,2018,1543122241.9199998,0.023573500967118077,Positive
243,RELINFRA,EQ,2018-05-07,423.35,426.05,456.6,422.25,447.95,449.6,439.7,4878406,2145053871.0,63359,822853,16.87,5,2018,2145035118.2,0.06200543285697413,Among top gainers
244,RELINFRA,EQ,2018-05-08,449.6,448.1,449.45,437.6,439.4,440.0,441.68,2304581,1017886577.0,39093,408794,17.74,5,2018,1017887336.08,-0.02135231316725983,Negative
245,RELINFRA,EQ,2018-05-09,440.0,438.0,439.2,424.25,426.0,426.3,430.57,2646756,1139608957.0,40822,801533,30.28,5,2018,1139613730.92,-0.03113636363636363,Among top losers
246,RELINFRA,EQ,2018-05-10,426.3,430.95,431.5,413.1,413.55,414.55,419.65,2253793,945802382.8,32623,337698,14.98,5,2018,945804232.4499999,-0.02756274923762614,Negative
247,RELINFRA,EQ,2018-05-11,414.55,417.05,421.25,408.55,414.15,415.9,415.56,1775490,737821760.0,24769,228058,12.84,5,2018,737822624.4,0.0032565432396574057,Slight or No change
248,RELINFRA,EQ,2018-05-14,415.9,414.5,414.5,390.3,395.9,396.15,398.06,4427283,1762330536.0,50986,467514,10.56,5,2018,1762324270.98,-0.04748737677326276,Among top losers
249,RELINFRA,EQ,2018-05-15,396.15,394.7,406.55,382.6,384.5,386.9,393.99,3763351,1482705609.0,42240,327093,8.69,5,2018,1482722660.49,-0.023349741259623857,Negative
250,RELINFRA,EQ,2018-05-16,386.9,382.5,391.45,375.1,386.0,385.3,383.17,3099881,1187794722.0,34404,293123,9.46,5,2018,1187781402.77,-0.004135435513052399,Slight or No change
251,RELINFRA,EQ,2018-05-17,385.3,390.1,405.5,384.3,396.05,397.75,395.42,4432642,1752741152.0,58351,648492,14.63,5,2018,1752755299.64,0.032312483778873524,Among top gainers
252,RELINFRA,EQ,2018-05-18,397.75,397.2,406.0,386.55,393.1,393.05,397.09,4023644,1597737674.0,45329,882798,21.94,5,2018,1597748795.9599998,-0.011816467630421101,Negative
253,RELINFRA,EQ,2018-05-21,393.05,393.0,402.4,389.0,396.3,396.0,394.86,2700916,1066481165.0,36139,670955,24.84,5,2018,1066483691.76,0.007505406436840056,Slight positive
254,RELINFRA,EQ,2018-05-22,396.0,396.35,404.4,392.25,400.0,400.8,398.83,2250645,897619020.9,27415,350007,15.55,5,2018,897624745.3499999,0.0121212121212122,Positive
255,RELINFRA,EQ,2018-05-23,400.8,400.3,414.25,398.0,408.5,407.2,408.33,3071553,1254222241.0,34209,857284,27.91,5,2018,1254207236.49,0.015968063872255467,Positive
256,RELINFRA,EQ,2018-05-24,407.2,409.0,411.3,400.7,408.4,407.4,406.75,1614262,656607221.0,20910,184297,11.42,5,2018,656601068.5,0.0004911591355598599,Slight or No change
257,RELINFRA,EQ,2018-05-25,407.4,409.45,423.95,407.0,417.95,418.25,416.88,2244334,935622105.9,27501,227174,10.12,5,2018,935617957.92,0.02663230240549841,Positive
258,RELINFRA,EQ,2018-05-28,418.25,419.95,434.4,415.0,429.0,429.7,427.45,2143562,916273446.5,26010,244972,11.43,5,2018,916265576.9,0.027375971309025582,Positive
259,RELINFRA,EQ,2018-05-29,429.7,430.0,433.6,422.8,425.85,426.8,428.03,1738632,744183964.5,21485,167705,9.65,5,2018,744186654.9599999,-0.006748894577612186,Slight negative
260,RELINFRA,EQ,2018-05-30,426.8,421.55,438.55,421.15,429.9,430.85,432.19,2285641,987839044.6,36134,290539,12.71,5,2018,987831183.79,0.009489222118088225,Slight positive
261,RELINFRA,EQ,2018-05-31,430.85,441.0,447.8,423.0,435.0,434.75,432.53,3062197,1324502831.0,37940,463480,15.14,5,2018,1324492068.4099998,0.009051874202158361,Slight positive
262,RELINFRA,EQ,2018-06-01,434.75,436.0,436.95,418.4,426.6,426.9,426.5,1802583,768808344.4,23492,96862,5.37,6,2018,768801649.5,-0.01805635422656704,Negative
263,RELINFRA,EQ,2018-06-04,426.9,429.2,436.35,426.0,429.4,430.25,430.96,1761375,759088772.0,23904,160678,9.12,6,2018,759082170.0,0.007847271023659008,Slight positive
264,RELINFRA,EQ,2018-06-05,430.25,430.0,430.5,408.25,415.95,415.4,417.58,2698548,1126863929.0,37576,219094,8.12,6,2018,1126859673.84,-0.03451481696687975,Among top losers
265,RELINFRA,EQ,2018-06-06,415.4,415.5,428.55,413.3,426.9,427.15,422.89,1600166,676700327.8,21517,148020,9.25,6,2018,676694199.74,0.028285989407799805,Positive
266,RELINFRA,EQ,2018-06-07,427.15,428.4,446.4,427.05,440.95,441.95,438.59,2406604,1055518203.0,36729,298458,12.4,6,2018,1055512448.3599999,0.03464825002926375,Among top gainers
267,RELINFRA,EQ,2018-06-08,441.95,437.9,441.8,432.0,438.75,438.8,437.01,1408820,615672713.3,19958,70140,4.98,6,2018,615668428.1999999,-0.007127503111211575,Slight negative
268,RELINFRA,EQ,2018-06-11,438.8,440.0,445.35,435.75,438.5,437.5,439.87,1078909,474574813.0,21344,77605,7.19,6,2018,474579701.83,-0.0029626253418414406,Slight or No change
269,RELINFRA,EQ,2018-06-12,437.5,435.0,444.0,427.6,438.8,440.1,435.85,1928692,840614810.5,26224,262279,13.6,6,2018,840620408.2,0.00594285714285725,Slight positive
270,RELINFRA,EQ,2018-06-13,440.1,438.8,446.6,437.2,439.15,439.65,440.89,1738749,766598718.9,24238,164439,9.46,6,2018,766597046.61,-0.0010224948875257045,Slight or No change
271,RELINFRA,EQ,2018-06-14,439.65,434.55,438.0,429.25,435.1,435.55,434.07,1406136,610360932.4,19910,73146,5.2,6,2018,610361453.52,-0.00932559990901849,Slight negative
272,RELINFRA,EQ,2018-06-15,435.55,436.0,439.9,423.25,433.25,431.95,431.8,1807538,780500730.2,20101,448048,24.79,6,2018,780494908.4,-0.008265411548616708,Slight negative
273,RELINFRA,EQ,2018-06-18,431.95,428.0,437.5,428.0,432.2,432.35,432.68,1129782,488832791.5,19648,122000,10.8,6,2018,488834075.76,0.0009260331056835103,Slight or No change
274,RELINFRA,EQ,2018-06-19,432.35,432.0,432.4,420.6,424.2,423.7,425.78,1379329,587286467.3,28107,71456,5.18,6,2018,587290701.62,-0.020006938822713205,Negative
275,RELINFRA,EQ,2018-06-20,423.7,425.0,444.5,423.2,439.95,441.4,436.35,2620233,1143345575.0,39148,242608,9.26,6,2018,1143338669.55,0.041774840689166926,Among top gainers
276,RELINFRA,EQ,2018-06-21,441.4,441.1,441.1,422.6,423.4,424.05,429.17,2249517,965427863.5,28289,428791,19.06,6,2018,965425210.89,-0.03930675124603522,Among top losers
277,RELINFRA,EQ,2018-06-22,424.05,424.4,428.0,415.4,425.0,425.7,421.99,2214846,934643384.4,33715,103519,4.67,6,2018,934642863.54,0.0038910505836575737,Slight or No change
278,RELINFRA,EQ,2018-06-25,425.7,424.7,427.2,418.55,419.95,420.4,421.94,1039134,438456930.0,16954,65645,6.32,6,2018,438452199.96,-0.012450082217524083,Negative
279,RELINFRA,EQ,2018-06-26,420.4,418.0,425.95,415.75,416.75,418.65,420.49,1366523,574613993.5,20689,149895,10.97,6,2018,574609256.27,-0.004162702188391987,Slight or No change
280,RELINFRA,EQ,2018-06-27,418.65,419.0,419.8,390.05,394.25,395.4,401.19,2366226,949296282.0,30492,305093,12.89,6,2018,949306208.9399999,-0.05553565030455032,Among top losers
281,RELINFRA,EQ,2018-06-28,395.4,395.0,402.0,387.1,396.4,396.75,395.76,2907403,1150636930.0,36565,195624,6.73,6,2018,1150633811.28,0.003414264036418979,Slight or No change
282,RELINFRA,EQ,2018-06-29,396.75,392.15,404.5,389.25,391.45,391.75,394.91,3555391,1404073926.0,53472,940063,26.44,6,2018,1404059459.8100002,-0.012602394454946486,Negative
283,RELINFRA,EQ,2018-07-02,391.75,393.25,395.65,374.85,382.7,384.15,384.02,2509095,963545555.9,35662,250762,9.99,7,2018,963542661.9,-0.019400127632418718,Negative
284,RELINFRA,EQ,2018-07-03,384.15,384.8,390.45,379.0,386.0,387.5,384.74,2269043,872992695.7,28513,78445,3.46,7,2018,872991603.82,0.008720551867759996,Slight positive
285,RELINFRA,EQ,2018-07-04,387.5,388.0,388.5,377.75,380.1,381.4,381.7,1975430,754016894.4,25695,108105,5.47,7,2018,754021631.0,-0.01574193548387104,Negative
286,RELINFRA,EQ,2018-07-05,381.4,382.0,388.0,378.5,382.5,382.45,383.23,1794698,687783678.9,24255,111191,6.2,7,2018,687782114.5400001,0.0027530152071315594,Slight or No change
287,RELINFRA,EQ,2018-07-06,382.45,381.9,389.95,378.35,383.85,384.85,385.64,1312656,506207732.3,17333,143091,10.9,7,2018,506212659.84,0.006275330108511001,Slight positive
288,RELINFRA,EQ,2018-07-09,384.85,387.0,409.0,386.5,406.9,404.7,398.23,2538915,1011068654.0,36749,275831,10.86,7,2018,1011072120.45,0.05157853709237359,Among top gainers
289,RELINFRA,EQ,2018-07-10,404.7,406.0,409.35,400.2,402.5,402.85,404.08,1692053,683716653.4,25671,110456,6.53,7,2018,683724776.24,-0.004571287373362876,Slight or No change
290,RELINFRA,EQ,2018-07-11,402.85,402.8,404.05,389.0,393.35,394.1,395.31,2286190,903753178.6,33177,155401,6.8,7,2018,903753768.9,-0.021720243266724615,Negative
291,RELINFRA,EQ,2018-07-12,394.1,397.7,406.45,384.0,386.5,387.25,395.92,2541342,1006160084.0,33802,196360,7.73,7,2018,1006168124.64,-0.017381375285460576,Negative
292,RELINFRA,EQ,2018-07-13,387.25,391.3,391.3,378.05,385.9,384.8,383.42,1492524,572262408.3,21147,118017,7.91,7,2018,572263552.08,-0.00632666236281465,Slight negative
293,RELINFRA,EQ,2018-07-16,384.8,384.0,387.25,364.65,370.15,367.85,373.99,2104946,787234285.2,23901,209084,9.93,7,2018,787228754.54,-0.044048856548856485,Among top losers
294,RELINFRA,EQ,2018-07-17,367.85,368.9,388.5,367.75,385.5,385.5,379.67,2185449,829746521.2,31410,293535,13.43,7,2018,829749421.83,0.0479815142041593,Among top gainers
295,RELINFRA,EQ,2018-07-18,385.5,385.5,387.8,368.4,378.3,377.95,376.94,1995728,752262251.3,32372,79134,3.97,7,2018,752269712.32,-0.0195849546044099,Negative
296,RELINFRA,EQ,2018-07-19,377.95,377.95,384.65,371.5,378.2,378.2,377.78,1942139,733698842.3,28254,163279,8.41,7,2018,733701271.42,0.0006614631565022844,Slight or No change
297,RELINFRA,EQ,2018-07-20,378.2,378.2,388.75,372.05,385.0,386.75,380.36,1650083,627629521.2,25130,240461,14.57,7,2018,627625569.88,0.02260708619777896,Positive
298,RELINFRA,EQ,2018-07-23,386.75,387.0,397.85,379.25,396.0,396.5,388.99,1903824,740577815.0,25771,141341,7.42,7,2018,740568497.76,0.025210084033613356,Positive
299,RELINFRA,EQ,2018-07-24,396.5,395.5,404.65,393.05,398.25,399.25,399.22,2405020,960136361.6,32522,335190,13.94,7,2018,960132084.4000001,0.006935687263556201,Slight positive
300,RELINFRA,EQ,2018-07-25,399.25,399.25,404.65,393.75,396.9,398.25,398.42,1637104,652253205.0,25517,152111,9.29,7,2018,652254975.6800001,-0.0025046963055729288,Slight or No change
301,RELINFRA,EQ,2018-07-26,398.25,398.0,404.5,396.2,403.95,401.95,400.72,1953962,782987465.9,27353,463466,23.72,7,2018,782991652.6400001,0.009290646578782091,Slight positive
302,RELINFRA,EQ,2018-07-27,401.95,402.0,413.95,398.7,407.0,407.9,407.22,3283367,1337066941.0,50687,437433,13.32,7,2018,1337052709.74,0.01480283617365341,Positive
303,RELINFRA,EQ,2018-07-30,407.9,407.0,410.35,393.25,394.6,395.4,400.5,2018641,808464735.4,24555,419044,20.76,7,2018,808465720.5,-0.030644765873988677,Among top losers
304,RELINFRA,EQ,2018-07-31,395.4,394.0,403.25,393.5,398.0,398.95,399.07,2081998,830863592.9,27911,404582,19.43,7,2018,830862941.86,0.008978249873545785,Slight positive
305,RELINFRA,EQ,2018-08-01,398.95,400.0,400.95,371.05,380.0,382.95,381.37,6738783,2569943229.0,77946,479907,7.12,8,2018,2569969672.71,-0.04010527635041983,Among top losers
306,RELINFRA,EQ,2018-08-02,382.95,378.1,408.9,373.05,399.0,402.15,392.33,5769138,2263407137.0,70432,581434,10.08,8,2018,2263405911.54,0.050137093615354456,Among top gainers
307,RELINFRA,EQ,2018-08-03,402.15,401.0,413.0,399.15,400.15,401.4,405.26,3522548,1427538215.0,46425,470719,13.36,8,2018,1427547802.48,-0.0018649757553151902,Slight or No change
308,RELINFRA,EQ,2018-08-06,401.4,402.0,416.4,401.05,413.8,413.3,409.46,3646498,1493086029.0,47151,831327,22.8,8,2018,1493095071.08,0.029646238166417538,Positive
309,RELINFRA,EQ,2018-08-07,413.3,414.05,417.7,407.45,413.45,413.4,413.24,2075010,857467866.5,27967,338196,16.3,8,2018,857477132.4,0.00024195499637058582,Slight or No change
310,RELINFRA,EQ,2018-08-08,413.4,413.4,422.0,409.8,420.5,418.7,416.31,2255578,939020467.5,29393,482841,21.41,8,2018,939019677.18,0.012820512820512775,Positive
311,RELINFRA,EQ,2018-08-09,418.7,420.5,424.5,414.35,419.75,419.0,419.92,2342825,983804798.2,27460,421454,17.99,8,2018,983799074.0,0.0007165034631000378,Slight or No change
312,RELINFRA,EQ,2018-08-10,419.0,418.5,419.5,405.7,407.65,408.4,411.23,1512112,621827787.9,19656,159950,10.58,8,2018,621825817.76,-0.025298329355608606,Negative
313,RELINFRA,EQ,2018-08-13,408.4,404.5,413.85,397.65,406.5,406.45,407.6,2067734,842807234.7,27593,400856,19.39,8,2018,842808378.4000001,-0.0047747306562193614,Slight or No change
314,RELINFRA,EQ,2018-08-14,406.45,407.25,413.0,400.1,408.4,408.85,407.35,2575484,1049120547.0,36757,341486,13.26,8,2018,1049123407.4000001,0.00590478533644978,Slight positive
315,RELINFRA,EQ,2018-08-16,408.85,407.8,414.0,400.55,402.65,402.8,407.56,1719290,700714588.4,31128,272602,15.86,8,2018,700713832.4,-0.014797603032897233,Negative
316,RELINFRA,EQ,2018-08-17,402.8,405.8,418.8,404.05,416.7,416.05,410.18,2526753,1036431127.0,33160,564986,22.36,8,2018,1036423545.54,0.03289473684210531,Among top gainers
317,RELINFRA,EQ,2018-08-20,416.05,415.15,432.6,414.0,426.2,426.9,424.04,2809542,1191348539.0,35651,240848,8.57,8,2018,1191358189.68,0.02607859632255738,Positive
318,RELINFRA,EQ,2018-08-21,426.9,426.0,428.45,417.5,420.0,419.95,421.2,2312461,974005366.5,28163,514827,22.26,8,2018,974008573.1999999,-0.016280159287889395,Negative
319,RELINFRA,EQ,2018-08-23,419.95,420.5,425.7,406.35,408.05,410.05,414.03,2367643,980264714.3,26137,313415,13.24,8,2018,980275231.29,-0.023574235027979507,Negative
320,RELINFRA,EQ,2018-08-24,410.05,401.0,413.65,401.0,409.0,409.9,409.13,2639975,1080082666.0,28933,117595,4.45,8,2018,1080092971.75,-0.00036580904767724576,Slight or No change
321,RELINFRA,EQ,2018-08-27,409.9,411.0,424.9,411.0,420.05,421.8,420.34,2433460,1022877223.0,38480,401914,16.52,8,2018,1022880576.4,0.029031471090509964,Positive
322,RELINFRA,EQ,2018-08-28,421.8,424.9,429.35,415.5,423.35,423.9,423.0,2521065,1066402649.0,37306,517875,20.54,8,2018,1066410495.0,0.004978662873399653,Slight or No change
323,RELINFRA,EQ,2018-08-29,423.9,421.95,450.75,421.0,436.5,439.3,438.24,5433015,2380948147.0,72841,559776,10.3,8,2018,2380964493.6,0.036329322953526866,Among top gainers
324,RELINFRA,EQ,2018-08-30,439.3,439.95,478.7,433.25,464.0,463.95,461.01,17817637,8214052834.0,192254,1055517,5.92,8,2018,8214108833.37,0.05611199635784203,Among top gainers
325,RELINFRA,EQ,2018-08-31,463.95,463.9,481.4,455.2,476.35,477.95,468.26,8404667,3935603244.0,98465,562485,6.69,8,2018,3935569369.42,0.03017566548119399,Among top gainers
326,RELINFRA,EQ,2018-09-03,477.95,480.0,489.55,465.25,467.7,472.95,480.36,6017035,2890355552.0,70835,467733,7.77,9,2018,2890342932.6,-0.01046134532900933,Negative
327,RELINFRA,EQ,2018-09-04,472.95,469.95,470.2,450.5,453.95,452.85,459.79,4925427,2264661719.0,79357,800665,16.26,9,2018,2264662080.33,-0.04249920710434496,Among top losers
328,RELINFRA,EQ,2018-09-05,452.85,449.95,481.95,446.0,478.45,479.55,467.51,8428623,3940498851.0,117827,1144707,13.58,9,2018,3940465538.73,0.05895992050347787,Among top gainers
329,RELINFRA,EQ,2018-09-06,479.55,482.0,484.75,467.0,468.0,469.75,474.96,6384058,3032152106.0,79888,761545,11.93,9,2018,3032172187.68,-0.020435825252841266,Negative
330,RELINFRA,EQ,2018-09-07,469.75,466.15,479.8,463.0,472.0,473.55,472.72,4152251,1962839025.0,52655,596125,14.36,9,2018,1962852092.72,0.008089409260244818,Slight positive
331,RELINFRA,EQ,2018-09-10,473.55,467.2,485.3,462.2,463.0,465.6,473.64,4681192,2217184532.0,70555,744252,15.9,9,2018,2217199778.88,-0.01678808995882164,Negative
332,RELINFRA,EQ,2018-09-11,465.6,469.05,474.2,454.85,457.05,457.2,465.0,2800663,1302317651.0,43122,235990,8.43,9,2018,1302308295.0,-0.01804123711340211,Negative
333,RELINFRA,EQ,2018-09-12,457.2,452.3,453.25,433.5,437.6,440.15,440.78,3896674,1717568674.0,49529,379687,9.74,9,2018,1717575965.7199998,-0.037292213473315905,Among top losers
334,RELINFRA,EQ,2018-09-14,440.15,440.5,456.5,440.5,451.0,452.0,451.0,2902539,1309033355.0,40730,255403,8.8,9,2018,1309045089.0,0.02692264000908784,Positive
335,RELINFRA,EQ,2018-09-17,452.0,447.95,454.45,444.05,447.9,447.3,449.43,2480629,1114864333.0,28405,155882,6.28,9,2018,1114869091.47,-0.010398230088495497,Negative
336,RELINFRA,EQ,2018-09-18,447.3,447.5,453.35,425.25,428.5,427.85,436.67,2714385,1185291754.0,33605,221034,8.14,9,2018,1185290497.95,-0.043483120947909626,Among top losers
337,RELINFRA,EQ,2018-09-19,427.85,430.0,431.3,383.1,387.1,386.45,399.97,7951241,3180285354.0,86331,1165355,14.66,9,2018,3180257862.77,-0.09676288418838386,Bear drop
338,RELINFRA,EQ,2018-09-21,386.45,390.0,394.75,328.5,342.8,343.7,369.29,9483419,3502129166.0,94160,1428940,15.07,9,2018,3502131802.51,-0.11062233147884593,Bear drop
339,RELINFRA,EQ,2018-09-24,343.7,343.5,344.3,325.15,328.0,329.45,333.76,4684062,1563368011.0,51806,479693,10.24,9,2018,1563352533.12,-0.041460576083794054,Among top losers
340,RELINFRA,EQ,2018-09-25,329.45,330.0,334.3,303.95,318.5,318.35,318.87,5861118,1868913877.0,63601,481126,8.21,9,2018,1868934696.66,-0.0336925178327514,Among top losers
341,RELINFRA,EQ,2018-09-26,318.35,324.0,326.4,312.7,320.0,321.15,320.24,4273637,1368570363.0,51791,228343,5.34,9,2018,1368589512.88,0.008795351028741738,Slight positive
342,RELINFRA,EQ,2018-09-27,321.15,324.75,325.5,300.7,305.15,303.75,311.4,5236647,1630710953.0,51309,508402,9.71,9,2018,1630691875.8,-0.05418028958430632,Among top losers
343,RELINFRA,EQ,2018-09-28,303.75,303.5,308.0,285.2,299.75,300.2,296.71,8397841,2491717829.0,80539,1118853,13.32,9,2018,2491723403.1099997,-0.01168724279835398,Negative
344,RELINFRA,EQ,2018-10-01,300.2,297.25,302.0,281.35,297.05,299.1,291.57,5856486,1707547286.0,57503,418053,7.14,10,2018,1707575623.02,-0.003664223850766035,Slight or No change
345,RELINFRA,EQ,2018-10-03,299.1,296.15,317.4,289.55,295.8,301.75,305.85,5746629,1757589076.0,56910,582358,10.13,10,2018,1757606479.65,0.008859913072550851,Slight positive
346,RELINFRA,EQ,2018-10-04,301.75,291.0,306.0,290.1,295.0,297.1,298.92,4462915,1334048002.0,49757,228849,5.13,10,2018,1334054551.8,-0.0154101077050538,Negative
347,RELINFRA,EQ,2018-10-05,297.1,294.5,304.0,284.75,286.0,289.6,297.86,3571116,1063680240.0,45086,259044,7.25,10,2018,1063692611.76,-0.02524402558061256,Negative
348,RELINFRA,EQ,2018-10-08,289.6,287.05,296.7,275.1,284.5,286.7,286.52,5052717,1447682145.0,53162,362724,7.18,10,2018,1447704474.84,-0.010013812154696211,Negative
349,RELINFRA,EQ,2018-10-09,286.7,280.0,302.7,280.0,294.3,295.65,292.37,4814210,1407517469.0,50778,351448,7.3,10,2018,1407530577.7,0.031217300313916896,Among top gainers
350,RELINFRA,EQ,2018-10-10,295.65,295.0,314.85,295.0,310.5,310.5,307.14,3607229,1107930876.0,40303,289794,8.03,10,2018,1107924315.06,0.05022831050228316,Among top gainers
351,RELINFRA,EQ,2018-10-11,310.5,291.1,313.4,288.1,301.0,300.85,302.43,3464620,1047803185.0,37576,149553,4.32,10,2018,1047805026.6,-0.03107890499194843,Among top losers
352,RELINFRA,EQ,2018-10-12,300.85,305.0,339.4,305.0,328.0,329.2,324.06,5957121,1930480121.0,77736,766731,12.87,10,2018,1930464631.26,0.09423300648163524,Bull run
353,RELINFRA,EQ,2018-10-15,329.2,331.9,331.9,318.9,330.4,327.55,324.84,3108546,1009792773.0,33946,113777,3.66,10,2018,1009780082.6399999,-0.005012150668286641,Slight negative
354,RELINFRA,EQ,2018-10-16,327.55,330.4,340.0,330.4,337.3,335.45,335.47,3448092,1156720388.0,42035,246225,7.14,10,2018,1156731423.24,0.024118455197679634,Positive
355,RELINFRA,EQ,2018-10-17,335.45,343.0,343.1,312.65,319.5,316.55,326.88,3426625,1120108329.0,36064,285588,8.33,10,2018,1120095180.0,-0.05634222685944246,Among top losers
356,RELINFRA,EQ,2018-10-19,316.55,310.2,343.75,310.2,334.0,332.75,330.49,6603885,2182545622.0,79884,1019501,15.44,10,2018,2182517953.65,0.05117674932870009,Among top gainers
357,RELINFRA,EQ,2018-10-22,332.75,335.0,336.05,322.7,328.75,327.25,327.49,2968751,972243228.1,31494,118989,4.01,10,2018,972236264.99,-0.016528925619834656,Negative
358,RELINFRA,EQ,2018-10-23,327.25,323.3,332.75,314.35,324.0,322.6,324.31,2490521,807712700.2,27320,196767,7.9,10,2018,807700865.51,-0.014209320091672972,Negative
359,RELINFRA,EQ,2018-10-24,322.6,327.6,348.0,327.5,346.9,342.8,336.54,3606472,1213737791.0,41562,326746,9.06,10,2018,1213722086.88,0.06261624302541846,Among top gainers
360,RELINFRA,EQ,2018-10-25,342.8,337.0,346.95,334.4,345.0,341.95,340.55,2797860,952811114.9,34173,228962,8.18,10,2018,952811223.0,-0.0024795799299883736,Slight or No change
361,RELINFRA,EQ,2018-10-26,341.95,338.6,341.75,327.6,331.1,331.7,333.29,3047599,1015749073.0,34517,158848,5.21,10,2018,1015734270.71,-0.02997514256470246,Negative
362,RELINFRA,EQ,2018-10-29,331.7,334.0,353.45,329.05,350.85,351.05,343.62,3236108,1111997509.0,33896,171547,5.3,10,2018,1111991430.96,0.058335845643654016,Among top gainers
363,RELINFRA,EQ,2018-10-30,351.05,348.4,356.75,345.1,351.0,350.55,350.94,2707755,950253441.0,39698,197257,7.28,10,2018,950259539.7,-0.0014242985329725455,Slight or No change
364,RELINFRA,EQ,2018-10-31,350.55,354.0,360.4,340.5,358.5,358.65,351.08,3137888,1101660923.0,38787,337035,10.74,10,2018,1101649719.04,0.023106546854942067,Positive
365,RELINFRA,EQ,2018-11-01,358.65,359.6,365.65,355.05,360.55,360.75,360.53,2503062,902439081.6,31817,265640,10.61,11,2018,902428942.8599999,0.0058552906733584376,Slight positive
366,RELINFRA,EQ,2018-11-02,360.75,365.0,380.75,362.05,373.9,375.45,374.03,2650661,991435470.1,36360,374228,14.12,11,2018,991426733.8299999,0.04074844074844064,Among top gainers
367,RELINFRA,EQ,2018-11-05,375.45,373.7,373.7,355.1,359.0,359.0,362.14,2706869,980278146.7,37462,465314,17.19,11,2018,980265539.66,-0.04381408975895584,Among top losers
368,RELINFRA,EQ,2018-11-06,359.0,361.9,369.5,353.8,357.0,357.9,361.85,2325302,841405966.1,31983,130773,5.62,11,2018,841410528.7,-0.0030640668523677084,Slight or No change
369,RELINFRA,EQ,2018-11-07,357.9,361.3,362.0,358.2,359.1,359.4,359.52,231011,83052371.55,3225,23188,10.04,11,2018,83053074.72,0.00419111483654655,Slight or No change
370,RELINFRA,EQ,2018-11-09,359.4,359.5,363.35,351.1,354.05,354.6,357.07,2528340,902802525.7,26155,499381,19.75,11,2018,902794363.8,-0.013355592654423876,Negative
371,RELINFRA,EQ,2018-11-12,354.6,354.05,358.3,348.15,348.3,349.85,352.36,2075177,731219493.5,24464,153697,7.41,11,2018,731209367.72,-0.013395375070501925,Negative
372,RELINFRA,EQ,2018-11-13,349.85,347.85,365.55,341.0,356.55,357.05,351.63,3005422,1056798205.0,37789,234204,7.79,11,2018,1056796537.86,0.020580248678004898,Positive
373,RELINFRA,EQ,2018-11-14,357.05,358.45,359.05,344.35,349.2,350.7,351.7,2842467,999696459.7,35584,266006,9.36,11,2018,999695643.9,-0.01778462400224068,Negative
374,RELINFRA,EQ,2018-11-15,350.7,351.0,356.4,344.6,352.05,352.25,351.72,2387418,839691675.4,26256,144691,6.06,11,2018,839702658.96,0.004419731964642182,Slight or No change
375,RELINFRA,EQ,2018-11-16,352.25,351.5,353.0,324.05,329.2,329.95,335.11,4180809,1401049025.0,48942,539989,12.92,11,2018,1401030903.99,-0.0633073101490419,Among top losers
376,RELINFRA,EQ,2018-11-19,329.95,329.0,361.0,329.0,353.0,352.95,351.11,7648170,2685379441.0,86408,429792,5.62,11,2018,2685348968.7000003,0.0697075314441582,Among top gainers
377,RELINFRA,EQ,2018-11-20,352.95,351.0,360.5,348.65,357.0,356.4,355.85,4775179,1699258885.0,50613,280016,5.86,11,2018,1699247447.15,0.009774755631109189,Slight positive
378,RELINFRA,EQ,2018-11-21,356.4,357.0,368.5,356.0,366.0,363.5,363.96,4155491,1512443219.0,58812,264083,6.36,11,2018,1512432504.36,0.019921436588103303,Positive
379,RELINFRA,EQ,2018-11-22,363.5,365.9,367.0,355.3,358.9,357.1,361.35,2351621,849762329.5,26758,78370,3.33,11,2018,849758248.35,-0.01760660247592838,Negative
380,RELINFRA,EQ,2018-11-26,357.1,359.9,361.2,346.65,352.25,352.2,352.64,2632450,928304999.0,29261,209776,7.97,11,2018,928307168.0,-0.013721646597591786,Negative
381,RELINFRA,EQ,2018-11-27,352.2,352.8,357.95,345.6,355.75,355.95,351.73,2804446,986394285.3,42098,148674,5.3,11,2018,986407791.58,0.010647359454855287,Positive
382,RELINFRA,EQ,2018-11-28,355.95,357.1,366.85,357.1,360.5,362.05,361.89,2848522,1030845126.0,32942,339511,11.92,11,2018,1030851626.5799999,0.017137238376176533,Positive
383,RELINFRA,EQ,2018-11-29,362.05,363.4,363.8,342.35,347.35,348.25,350.36,3255326,1140544674.0,37828,602111,18.5,11,2018,1140536017.3600001,-0.03811628228145292,Among top losers
384,RELINFRA,EQ,2018-11-30,348.25,349.1,351.0,328.25,329.5,331.3,337.35,6214362,2096392054.0,68637,1095768,17.63,11,2018,2096415020.7,-0.04867193108399137,Among top losers
385,RELINFRA,EQ,2018-12-03,331.3,334.0,339.1,326.1,330.95,331.9,332.75,4051303,1348084793.0,39212,654169,16.15,12,2018,1348071073.25,0.0018110473890733392,Slight or No change
386,RELINFRA,EQ,2018-12-04,331.9,332.0,335.9,327.4,329.0,329.0,329.82,3255959,1073884342.0,46742,382274,11.74,12,2018,1073880397.3799999,-0.008737571557698054,Slight negative
387,RELINFRA,EQ,2018-12-05,329.0,327.0,333.4,305.25,306.15,307.35,313.91,7377924,2316022829.0,78831,927564,12.57,12,2018,2316004122.84,-0.06580547112461999,Among top losers
388,RELINFRA,EQ,2018-12-06,307.35,303.1,305.8,292.5,298.75,299.5,299.06,6331083,1893362677.0,70834,409154,6.46,12,2018,1893373681.98,-0.02554091426712224,Negative
389,RELINFRA,EQ,2018-12-07,299.5,300.15,310.0,293.0,307.9,307.95,303.06,5503724,1667931584.0,64514,714448,12.98,12,2018,1667958595.44,0.028213689482470716,Positive
390,RELINFRA,EQ,2018-12-10,307.95,298.0,306.35,296.0,296.4,297.5,300.61,2784800,837143286.3,30088,383744,13.78,12,2018,837138728.0,-0.033934080207825956,Among top losers
391,RELINFRA,EQ,2018-12-11,297.5,294.0,302.6,290.65,293.0,292.65,297.17,5795739,1722297245.0,45817,1712863,29.55,12,2018,1722319758.63,-0.01630252100840346,Negative
392,RELINFRA,EQ,2018-12-12,292.65,295.0,302.5,294.0,295.3,296.15,297.68,4801165,1429225201.0,49580,1189161,24.77,12,2018,1429210797.2,0.011959678797198059,Positive
393,RELINFRA,EQ,2018-12-13,296.15,298.5,306.1,279.25,287.6,286.95,295.84,5581014,1651097726.0,61277,1038604,18.61,12,2018,1651087181.7599998,-0.031065338510889662,Among top losers
394,RELINFRA,EQ,2018-12-14,286.95,287.0,312.0,285.75,290.9,291.95,297.63,13441547,4000615980.0,122437,1846083,13.73,12,2018,4000607633.61,0.017424638438752416,Positive
395,RELINFRA,EQ,2018-12-17,291.95,292.9,295.9,286.3,288.0,288.15,289.5,5007644,1449728334.0,55254,1268877,25.34,12,2018,1449712938.0,-0.013015927384826154,Negative
396,RELINFRA,EQ,2018-12-18,288.15,286.1,296.65,286.1,296.0,295.15,291.98,4588109,1339640264.0,50475,718644,15.66,12,2018,1339636065.8200002,0.024292903001908783,Positive
397,RELINFRA,EQ,2018-12-19,295.15,296.0,302.4,291.35,298.1,299.2,296.74,5701030,1691742601.0,64777,769613,13.5,12,2018,1691723642.2,0.013721836354396055,Positive
398,RELINFRA,EQ,2018-12-20,299.2,293.0,303.55,292.3,303.0,302.65,300.02,4960746,1488320938.0,55596,980210,19.76,12,2018,1488323014.9199998,0.011530748663101553,Positive
399,RELINFRA,EQ,2018-12-21,302.65,302.8,309.35,298.05,307.5,307.6,304.54,5425211,1652184852.0,59569,1449708,26.72,12,2018,1652193757.94,0.016355526185362734,Positive
400,RELINFRA,EQ,2018-12-24,307.6,309.5,311.7,303.8,307.55,307.5,308.13,3481179,1072643098.0,40535,238843,6.86,12,2018,1072655685.27,-0.00032509752925879987,Slight or No change
401,RELINFRA,EQ,2018-12-26,307.5,305.55,307.4,300.4,303.6,303.4,304.13,3519072,1070254177.0,31345,352750,10.02,12,2018,1070255367.36,-0.01333333333333342,Negative
402,RELINFRA,EQ,2018-12-27,303.4,306.8,307.9,301.55,302.8,302.8,304.07,2505387,761810987.4,25215,432849,17.28,12,2018,761813025.09,-0.0019775873434408897,Slight or No change
403,RELINFRA,EQ,2018-12-28,302.8,305.8,316.4,303.8,312.05,311.95,312.63,5731066,1791711813.0,53544,1056702,18.44,12,2018,1791703163.58,0.030217965653896783,Among top gainers
404,RELINFRA,EQ,2018-12-31,311.95,313.5,317.9,308.55,315.3,316.2,314.09,3852359,1209990387.0,35310,685595,17.8,12,2018,1209987438.31,0.013623978201634968,Positive
405,RELINFRA,EQ,2019-01-01,316.2,315.55,318.95,312.75,316.0,316.6,316.23,2010745,635856625.5,19224,95512,4.75,1,2019,635857891.35,0.0012650221378875948,Slight or No change
406,RELINFRA,EQ,2019-01-02,316.6,315.6,317.25,302.9,305.05,305.95,309.5,3467764,1073263127.0,30530,376516,10.86,1,2019,1073272958.0,-0.033638660770688666,Among top losers
407,RELINFRA,EQ,2019-01-03,305.95,305.5,307.95,287.65,289.0,289.25,298.46,3779366,1127979806.0,36909,739178,19.56,1,2019,1127989576.36,-0.05458408236639967,Among top losers
408,RELINFRA,EQ,2019-01-04,289.25,287.95,298.4,286.15,296.6,296.8,292.35,4710594,1377128228.0,60461,755218,16.03,1,2019,1377142155.9,0.02610198789974083,Positive
409,RELINFRA,EQ,2019-01-07,296.8,298.65,305.0,297.3,298.45,299.45,301.17,3068380,924098243.9,33930,356469,11.62,1,2019,924104004.6,0.008928571428571397,Slight positive
410,RELINFRA,EQ,2019-01-08,299.45,300.65,303.0,297.85,301.25,301.9,300.87,2452301,737818387.2,29708,673888,27.48,1,2019,737823801.87,0.008181666388378694,Slight positive
411,RELINFRA,EQ,2019-01-09,301.9,302.5,306.25,294.65,303.0,300.6,300.14,2819774,846318241.0,50422,447398,15.87,1,2019,846326968.36,-0.004306061609804401,Slight or No change
412,RELINFRA,EQ,2019-01-10,300.6,302.0,312.0,301.1,306.05,305.95,307.4,4522648,1390258029.0,49276,410013,9.07,1,2019,1390261995.1999998,0.017797737857617957,Positive
413,RELINFRA,EQ,2019-01-11,305.95,305.0,309.4,302.2,306.15,307.7,306.01,2519076,770858429.4,34236,552921,21.95,1,2019,770862446.76,0.005719888870730605,Slight positive
414,RELINFRA,EQ,2019-01-14,307.7,306.1,310.35,305.0,305.1,306.3,307.55,2824338,868634358.1,42539,962433,34.08,1,2019,868625151.9,-0.004549886252843582,Slight or No change
415,RELINFRA,EQ,2019-01-15,306.3,309.0,312.35,307.1,310.35,310.1,309.89,2931904,908576357.0,40549,1042630,35.56,1,2019,908567730.56,0.012406137773424808,Positive
416,RELINFRA,EQ,2019-01-16,310.1,310.35,325.0,309.05,313.6,314.2,318.62,5355029,1706205222.0,59810,900278,16.81,1,2019,1706219339.98,0.01322154143824572,Positive
417,RELINFRA,EQ,2019-01-17,314.2,314.8,316.75,294.0,295.3,296.45,301.69,5825105,1757398830.0,59503,1212729,20.82,1,2019,1757375927.45,-0.05649267982176953,Among top losers
418,RELINFRA,EQ,2019-01-18,296.45,299.0,304.0,292.3,296.6,298.3,299.22,6027997,1803681529.0,69159,1068212,17.72,1,2019,1803697262.3400002,0.006240512734019266,Slight positive
419,RELINFRA,EQ,2019-01-21,298.3,298.9,298.9,288.0,289.0,289.65,292.89,3111125,911213239.3,33487,584807,18.8,1,2019,911217401.25,-0.028997653369091658,Negative
420,RELINFRA,EQ,2019-01-22,289.65,288.0,294.0,276.4,278.95,279.3,282.66,5143230,1453800726.0,64660,1075939,20.92,1,2019,1453785391.8000002,-0.03573278094251675,Among top losers
421,RELINFRA,EQ,2019-01-23,279.3,280.2,287.5,278.0,281.5,281.75,282.77,4789882,1354429137.0,82528,1315418,27.46,1,2019,1354434933.1399999,0.00877192982456143,Slight positive
422,RELINFRA,EQ,2019-01-24,281.75,282.7,285.75,277.6,283.0,282.15,281.73,3634634,1023970751.0,56555,1015731,27.95,1,2019,1023985436.82,0.0014196983141081532,Slight or No change
423,RELINFRA,EQ,2019-01-25,282.15,283.15,287.25,264.4,271.8,270.7,279.07,3347714,934255313.8,55294,826053,24.68,1,2019,934246545.98,-0.04058125110756683,Among top losers
424,RELINFRA,EQ,2019-01-28,270.7,272.9,274.3,252.35,256.8,257.5,260.72,4587277,1196002689.0,57344,631293,13.76,1,2019,1195994859.44,-0.04876246767639447,Among top losers
425,RELINFRA,EQ,2019-01-29,257.5,256.8,268.15,255.0,265.75,265.45,263.46,3828994,1008780291.0,57777,1028651,26.86,1,2019,1008786759.2399999,0.030873786407767057,Among top gainers
426,RELINFRA,EQ,2019-01-30,265.45,267.45,271.5,263.55,269.0,269.2,267.65,2724905,729331923.7,44094,837306,30.73,1,2019,729320823.2499999,0.014126954228668387,Positive
427,RELINFRA,EQ,2019-01-31,269.2,270.0,271.5,260.35,268.65,268.95,265.98,3537287,940857077.9,51392,1281070,36.22,1,2019,940847596.2600001,-0.000928677563150071,Slight or No change
428,RELINFRA,EQ,2019-02-01,268.95,269.0,279.05,263.2,265.8,267.1,270.49,3108550,840842132.3,33362,344870,11.09,2,2019,840831689.5,-0.006878601970626397,Slight negative
429,RELINFRA,EQ,2019-02-04,267.1,253.0,257.75,221.4,227.0,227.1,232.67,16577801,3857182435.0,152721,1015536,6.13,2,2019,3857156958.6699996,-0.14975664545114198,Bear drop
430,RELINFRA,EQ,2019-02-05,227.1,225.0,238.8,220.45,226.0,227.25,229.07,14361852,3289916625.0,122764,1400687,9.75,2,2019,3289869437.64,0.0006605019815060231,Slight or No change
431,RELINFRA,EQ,2019-02-06,227.25,224.9,229.0,141.4,155.0,154.3,166.8,87700480,14628190954.0,767316,6408853,7.31,2,2019,14628440064.000002,-0.3210121012101209,Bear drop
432,RELINFRA,EQ,2019-02-07,154.3,151.1,151.95,107.1,108.3,110.65,121.79,134735370,16409911432.0,966386,13906409,10.32,2,2019,16409420712.300001,-0.28289047310434223,Bear drop
433,RELINFRA,EQ,2019-02-08,110.65,102.0,127.05,96.55,118.6,118.15,115.49,83718321,9668501403.0,598813,3691895,4.41,2,2019,9668628892.289999,0.06778129236330765,Among top gainers
434,RELINFRA,EQ,2019-02-11,118.15,123.0,126.7,113.5,115.95,115.5,118.74,30015871,3564201171.0,200293,3094719,10.31,2,2019,3564084522.54,-0.022429115531104604,Negative
435,RELINFRA,EQ,2019-02-12,115.5,116.45,118.5,106.75,111.2,112.65,111.97,36900192,4131759942.0,230685,1930368,5.23,2,2019,4131714498.24,-0.024675324675324628,Negative
436,RELINFRA,EQ,2019-02-13,112.65,112.7,117.35,108.6,111.0,113.1,113.74,21613713,2458240007.0,138580,3446067,15.94,2,2019,2458343716.62,0.003994673768308754,Slight or No change
437,RELINFRA,EQ,2019-02-14,113.1,110.1,119.75,110.0,117.1,117.35,115.2,20679331,2382231343.0,122702,2807656,13.58,2,2019,2382258931.2000003,0.03757736516357202,Among top gainers
438,RELINFRA,EQ,2019-02-15,117.35,117.0,120.6,114.0,114.0,114.95,116.77,12758179,1489796080.0,87198,1399464,10.97,2,2019,1489772561.83,-0.020451640391989656,Negative
439,RELINFRA,EQ,2019-02-18,114.95,126.4,137.8,120.4,122.7,123.15,125.82,32556611,4096258284.0,188145,2680313,8.23,2,2019,4096272796.02,0.071335363201392,Bull run
440,RELINFRA,EQ,2019-02-19,123.15,123.85,125.5,121.0,121.8,122.25,122.97,12533703,1541331736.0,76122,811616,6.48,2,2019,1541269457.91,-0.0073081607795372205,Slight negative
441,RELINFRA,EQ,2019-02-20,122.25,123.0,124.2,111.55,120.1,119.6,117.08,26845895,3143172064.0,164362,1686231,6.28,2,2019,3143117386.6,-0.021676891615541982,Negative
442,RELINFRA,EQ,2019-02-21,119.6,118.0,125.8,116.0,123.55,124.45,121.92,18854987,2298745078.0,125542,1604209,8.51,2,2019,2298800015.04,0.040551839464882944,Among top gainers
443,RELINFRA,EQ,2019-02-22,124.45,125.2,139.5,123.6,133.1,133.75,133.93,34461210,4615492183.0,215999,3574225,10.37,2,2019,4615389855.3,0.07472880674969873,Bull run
444,RELINFRA,EQ,2019-02-25,133.75,134.95,137.6,128.85,130.6,131.15,133.11,17453561,2323157312.0,101811,2284878,13.09,2,2019,2323243504.71,-0.01943925233644861,Negative
445,RELINFRA,EQ,2019-02-26,131.15,128.45,134.0,126.8,130.75,132.25,130.78,14329305,1873969744.0,80225,2070746,14.45,2,2019,1873986507.9,0.008387342737323555,Slight positive
446,RELINFRA,EQ,2019-02-27,132.25,134.1,135.9,127.0,127.3,128.0,131.14,11439426,1500148948.0,70834,2006850,17.54,2,2019,1500166325.6399999,-0.032136105860113395,Among top losers
447,RELINFRA,EQ,2019-02-28,128.0,129.3,129.45,120.75,122.5,122.8,123.54,23600657,2915718418.0,117245,4974041,21.08,2,2019,2915625165.78,-0.04062500000000002,Among top losers
448,RELINFRA,EQ,2019-03-01,122.8,123.9,127.8,121.65,124.6,125.25,124.76,21588299,2693254271.0,113353,5094098,23.6,3,2019,2693356183.2400002,0.019951140065146644,Positive
449,RELINFRA,EQ,2019-03-05,125.25,125.0,133.25,124.85,130.05,130.4,130.66,17468023,2282379322.0,138826,2803337,16.05,3,2019,2282371885.18,0.04111776447105786,Among top gainers
450,RELINFRA,EQ,2019-03-06,130.4,132.0,142.4,130.75,134.55,134.7,137.54,25797590,3548143185.0,170368,3001724,11.64,3,2019,3548200528.6,0.03297546012269925,Among top gainers
451,RELINFRA,EQ,2019-03-07,134.7,136.0,137.6,132.1,133.45,133.3,134.24,12254216,1645054932.0,87073,2053834,16.76,3,2019,1645005955.8400002,-0.010393466963622644,Negative
452,RELINFRA,EQ,2019-03-08,133.3,134.1,136.95,129.5,130.2,130.2,133.18,13832767,1842216152.0,87335,1984525,14.35,3,2019,1842247909.0600002,-0.023255813953488524,Negative
453,RELINFRA,EQ,2019-03-11,130.2,126.2,133.9,125.65,132.85,132.25,131.17,12312022,1615004971.0,81373,1620255,13.16,3,2019,1614967925.7399998,0.015745007680491696,Positive
454,RELINFRA,EQ,2019-03-12,132.25,134.4,135.75,129.0,130.45,131.25,133.28,7962543,1061225141.0,51022,1534842,19.28,3,2019,1061247731.04,-0.007561436672967825,Slight negative
455,RELINFRA,EQ,2019-03-13,131.25,132.25,132.5,129.1,129.6,129.8,130.87,6196465,810924784.1,45413,945248,15.25,3,2019,810931374.5500001,-0.011047619047618973,Negative
456,RELINFRA,EQ,2019-03-14,129.8,130.0,131.4,124.2,124.5,125.0,126.51,12742845,1612122778.0,77313,2525478,19.82,3,2019,1612097320.95,-0.03697996918335911,Among top losers
457,RELINFRA,EQ,2019-03-15,125.0,124.25,134.45,121.1,132.8,131.65,126.84,20051293,2543366616.0,112840,4628550,23.08,3,2019,2543306004.12,0.053200000000000136,Among top gainers
458,RELINFRA,EQ,2019-03-18,131.65,132.85,138.35,132.8,133.6,135.0,135.71,13176692,1788200907.0,92591,2764601,20.98,3,2019,1788208871.3200002,0.02544625902012898,Positive
459,RELINFRA,EQ,2019-03-19,135.0,142.5,146.05,136.0,136.75,137.1,140.07,19368390,2712964868.0,119423,2536711,13.1,3,2019,2712930387.2999997,0.015555555555555545,Positive
460,RELINFRA,EQ,2019-03-20,137.1,137.4,140.0,135.65,136.95,137.15,137.75,8515892,1173063189.0,60980,1243382,14.6,3,2019,1173064123.0,0.00036469730124011335,Slight or No change
461,RELINFRA,EQ,2019-03-22,137.15,137.2,138.45,129.65,129.9,130.55,133.58,8126674,1085552982.0,56307,1923592,23.67,3,2019,1085561112.92,-0.048122493620123885,Among top losers
462,RELINFRA,EQ,2019-03-25,130.55,126.8,132.75,126.05,128.15,128.2,129.52,9384294,1215456239.0,61450,991957,10.57,3,2019,1215453758.88,-0.0180007659900423,Negative
463,RELINFRA,EQ,2019-03-26,128.2,129.0,136.7,128.7,133.5,133.15,133.31,11785336,1571151885.0,71652,1975363,16.76,3,2019,1571103142.16,0.0386115444617785,Among top gainers
464,RELINFRA,EQ,2019-03-27,133.15,134.35,137.25,130.0,130.7,130.95,134.18,9668897,1297399430.0,60540,1309296,13.54,3,2019,1297372599.46,-0.016522718738265274,Negative
465,RELINFRA,EQ,2019-03-28,130.95,132.35,135.95,131.2,135.55,135.2,134.56,7584343,1020571740.0,68508,1454618,19.18,3,2019,1020549194.08,0.03245513554791901,Among top gainers
466,RELINFRA,EQ,2019-03-29,135.2,135.85,140.3,135.55,136.2,137.0,137.94,8789953,1212447209.0,54833,1135056,12.91,3,2019,1212486116.82,0.013313609467455745,Positive
467,RELINFRA,EQ,2019-04-01,137.0,137.8,140.0,133.9,137.4,137.55,137.61,6885735,947539275.1,45100,666578,9.68,4,2019,947545993.3500001,0.004014598540146075,Slight or No change
468,RELINFRA,EQ,2019-04-02,137.55,138.0,146.4,136.8,140.5,140.25,141.81,15133257,2146071780.0,95842,1577740,10.43,4,2019,2146047175.17,0.019629225736095934,Positive
469,RELINFRA,EQ,2019-04-03,140.25,141.1,142.15,137.0,137.5,137.5,139.38,6939517,967221899.6,61300,1385212,19.96,4,2019,967229879.4599999,-0.019607843137254943,Negative
470,RELINFRA,EQ,2019-04-04,137.5,137.95,138.7,132.0,132.6,132.85,134.95,6309765,851512548.2,39916,1035686,16.41,4,2019,851502786.7499999,-0.03381818181818186,Among top losers
471,RELINFRA,EQ,2019-04-05,132.85,132.8,134.7,132.1,133.45,133.55,133.49,5492537,733179718.0,35926,814890,14.84,4,2019,733198764.13,0.005269100489273759,Slight positive
472,RELINFRA,EQ,2019-04-08,133.55,134.3,138.3,131.35,132.45,132.55,134.82,6382109,860465562.9,43346,1124739,17.62,4,2019,860435935.38,-0.007487832272557116,Slight negative
473,RELINFRA,EQ,2019-04-09,132.55,133.15,134.35,126.4,130.5,130.5,129.4,8534769,1104390558.0,59004,1133121,13.28,4,2019,1104399108.6000001,-0.015465861938891101,Negative
474,RELINFRA,EQ,2019-04-10,130.5,130.8,134.3,130.1,131.7,131.4,132.22,7094620,938079272.1,58911,977635,13.78,4,2019,938050656.4,0.006896551724137945,Slight positive
475,RELINFRA,EQ,2019-04-11,131.4,131.5,132.4,127.65,128.7,128.95,128.95,5420241,698937070.7,36978,885269,16.33,4,2019,698940076.9499999,-0.0186453576864537,Negative
476,RELINFRA,EQ,2019-04-12,128.95,129.1,132.2,128.5,131.35,131.4,130.61,5807969,758572468.7,40577,822168,14.16,4,2019,758578831.09,0.018999612252811326,Positive
477,RELINFRA,EQ,2019-04-15,131.4,132.2,134.2,130.5,131.9,132.0,132.4,3808950,504307034.2,26642,505315,13.27,4,2019,504304980.0,0.004566210045662045,Slight or No change
478,RELINFRA,EQ,2019-04-16,132.0,132.5,136.3,130.2,132.0,132.05,133.47,7716491,1029950710.0,52133,1571771,20.37,4,2019,1029920053.77,0.00037878787878797837,Slight or No change
479,RELINFRA,EQ,2019-04-18,132.05,132.3,132.55,120.0,120.8,121.5,123.83,16928048,2096248440.0,111215,3542121,20.92,4,2019,2096200183.84,-0.07989397955319966,Bear drop
480,RELINFRA,EQ,2019-04-22,121.5,119.5,121.0,114.1,116.0,116.35,117.26,12261740,1437861887.0,83679,912859,7.44,4,2019,1437811632.4,-0.04238683127572018,Among top losers
481,RELINFRA,EQ,2019-04-23,116.35,116.05,121.85,114.7,117.7,118.0,118.94,13824049,1644213905.0,80680,817302,5.91,4,2019,1644232388.06,0.014181349376880092,Positive
482,RELINFRA,EQ,2019-04-24,118.0,119.0,122.5,115.65,121.0,120.95,119.2,10698675,1275299373.0,74897,1725197,16.13,4,2019,1275282060.0,0.025000000000000133,Positive
483,RELINFRA,EQ,2019-04-25,120.95,121.75,128.9,121.05,121.75,122.1,124.49,15058571,1874582704.0,98488,2114116,14.04,4,2019,1874641503.79,0.009508061182306626,Slight positive
484,RELINFRA,EQ,2019-04-26,122.1,122.85,124.25,116.6,119.25,119.95,120.35,10654280,1282283794.0,71080,836302,7.85,4,2019,1282242598.0,-0.01760851760851756,Negative
485,RELINFRA,EQ,2019-04-30,119.95,114.0,115.75,105.5,107.0,107.9,109.01,15792196,1721471252.0,108389,1588327,10.06,4,2019,1721507285.96,-0.10045852438516045,Bear drop
486,RELINFRA,EQ,2019-05-02,107.9,108.0,115.35,106.4,109.9,110.25,111.34,16498327,1836923621.0,111041,2148980,13.03,5,2019,1836923728.18,0.021779425393883223,Positive
487,RELINFRA,EQ,2019-05-03,110.25,110.95,112.25,108.3,109.85,109.9,110.02,10877791,1196792292.0,68124,1604296,14.75,5,2019,1196774565.82,-0.0031746031746031633,Slight or No change
488,RELINFRA,EQ,2019-05-06,109.9,108.0,109.25,105.15,105.9,106.1,107.06,8810074,943165609.0,54063,1257611,14.27,5,2019,943206522.44,-0.034576888080072865,Among top losers
489,RELINFRA,EQ,2019-05-07,106.1,106.15,109.0,100.0,100.35,100.9,104.74,10579715,1108146844.0,64725,1094952,10.35,5,2019,1108119349.1,-0.049010367577756675,Among top losers
490,RELINFRA,EQ,2019-05-08,100.9,99.0,102.4,96.6,99.85,99.45,99.51,14389998,1432004397.0,81888,1348993,9.37,5,2019,1431948700.98,-0.01437066402378595,Negative
491,RELINFRA,EQ,2019-05-09,99.45,99.55,103.2,99.15,102.75,101.9,101.43,9073864,920336925.2,60852,1017296,11.21,5,2019,920362025.5200001,0.024635495223730652,Positive
492,RELINFRA,EQ,2019-05-10,101.9,102.1,108.5,102.1,107.6,107.15,106.08,10773570,1142881829.0,69164,1505251,13.97,5,2019,1142860305.6,0.051521099116781155,Among top gainers
493,RELINFRA,EQ,2019-05-13,107.15,107.2,109.75,100.2,101.05,101.1,104.83,6732295,705729353.7,45809,626421,9.3,5,2019,705746484.85,-0.05646290247316854,Among top losers
